Date,Date Int,Day Name Short,Day Num Week,Day of Year,Month Day Num,Month Name Short,Month Num,Month Year,Month Year Order,Quarter Num,Quarter Year,Quarter Year Order,Week Ending,Week Num,Week Year,Week Year Order,Year
2021-01-01 00:00:00,20210101,Fri,6,1,1,Jan,1,Jan 2021,202101,1,Q1 2021,20211,2021-01-02 00:00:00,1,W1 2021,202101,2021
2021-01-02 00:00:00,20210102,Sat,7,2,2,Jan,1,Jan 2021,202101,1,Q1 2021,20211,2021-01-02 00:00:00,1,W1 2021,202101,2021
2021-01-03 00:00:00,20210103,Sun,1,3,3,Jan,1,Jan 2021,202101,1,Q1 2021,20211,2021-01-09 00:00:00,2,W2 2021,202102,2021
2021-01-04 00:00:00,20210104,Mon,2,4,4,Jan,1,Jan 2021,202101,1,Q1 2021,20211,2021-01-09 00:00:00,2,W2 2021,202102,2021
2021-01-05 00:00:00,20210105,Tue,3,5,5,Jan,1,Jan 2021,202101,1,Q1 2021,20211,2021-01-09 00:00:00,2,W2 2021,202102,2021
2021-01-06 00:00:00,20210106,Wed,4,6,6,Jan,1,Jan 2021,202101,1,Q1 2021,20211,2021-01-09 00:00:00,2,W2 2021,202102,2021
2021-01-07 00:00:00,20210107,Thu,5,7,7,Jan,1,Jan 2021,202101,1,Q1 2021,20211,2021-01-09 00:00:00,2,W2 2021,202102,2021
2021-01-08 00:00:00,20210108,Fri,6,8,8,Jan,1,Jan 2021,202101,1,Q1 2021,20211,2021-01-09 00:00:00,2,W2 2021,202102,2021
2021-01-09 00:00:00,20210109,Sat,7,9,9,Jan,1,Jan 2021,202101,1,Q1 2021,20211,2021-01-09 00:00:00,2,W2 2021,202102,2021
2021-01-10 00:00:00,20210110,Sun,1,10,10,Jan,1,Jan 2021,202101,1,Q1 2021,20211,2021-01-16 00:00:00,3,W3 2021,202103,2021
2021-01-11 00:00:00,20210111,Mon,2,11,11,Jan,1,Jan 2021,202101,1,Q1 2021,20211,2021-01-16 00:00:00,3,W3 2021,202103,2021
2021-01-12 00:00:00,20210112,Tue,3,12,12,Jan,1,Jan 2021,202101,1,Q1 2021,20211,2021-01-16 00:00:00,3,W3 2021,202103,2021
2021-01-13 00:00:00,20210113,Wed,4,13,13,Jan,1,Jan 2021,202101,1,Q1 2021,20211,2021-01-16 00:00:00,3,W3 2021,202103,2021
2021-01-14 00:00:00,20210114,Thu,5,14,14,Jan,1,Jan 2021,202101,1,Q1 2021,20211,2021-01-16 00:00:00,3,W3 2021,202103,2021
2021-01-15 00:00:00,20210115,Fri,6,15,15,Jan,1,Jan 2021,202101,1,Q1 2021,20211,2021-01-16 00:00:00,3,W3 2021,202103,2021
2021-01-16 00:00:00,20210116,Sat,7,16,16,Jan,1,Jan 2021,202101,1,Q1 2021,20211,2021-01-16 00:00:00,3,W3 2021,202103,2021
2021-01-17 00:00:00,20210117,Sun,1,17,17,Jan,1,Jan 2021,202101,1,Q1 2021,20211,2021-01-23 00:00:00,4,W4 2021,202104,2021
2021-01-18 00:00:00,20210118,Mon,2,18,18,Jan,1,Jan 2021,202101,1,Q1 2021,20211,2021-01-23 00:00:00,4,W4 2021,202104,2021
2021-01-19 00:00:00,20210119,Tue,3,19,19,Jan,1,Jan 2021,202101,1,Q1 2021,20211,2021-01-23 00:00:00,4,W4 2021,202104,2021
2021-01-20 00:00:00,20210120,Wed,4,20,20,Jan,1,Jan 2021,202101,1,Q1 2021,20211,2021-01-23 00:00:00,4,W4 2021,202104,2021
2021-01-21 00:00:00,20210121,Thu,5,21,21,Jan,1,Jan 2021,202101,1,Q1 2021,20211,2021-01-23 00:00:00,4,W4 2021,202104,2021
2021-01-22 00:00:00,20210122,Fri,6,22,22,Jan,1,Jan 2021,202101,1,Q1 2021,20211,2021-01-23 00:00:00,4,W4 2021,202104,2021
2021-01-23 00:00:00,20210123,Sat,7,23,23,Jan,1,Jan 2021,202101,1,Q1 2021,20211,2021-01-23 00:00:00,4,W4 2021,202104,2021
2021-01-24 00:00:00,20210124,Sun,1,24,24,Jan,1,Jan 2021,202101,1,Q1 2021,20211,2021-01-30 00:00:00,5,W5 2021,202105,2021
2021-01-25 00:00:00,20210125,Mon,2,25,25,Jan,1,Jan 2021,202101,1,Q1 2021,20211,2021-01-30 00:00:00,5,W5 2021,202105,2021
2021-01-26 00:00:00,20210126,Tue,3,26,26,Jan,1,Jan 2021,202101,1,Q1 2021,20211,2021-01-30 00:00:00,5,W5 2021,202105,2021
2021-01-27 00:00:00,20210127,Wed,4,27,27,Jan,1,Jan 2021,202101,1,Q1 2021,20211,2021-01-30 00:00:00,5,W5 2021,202105,2021
2021-01-28 00:00:00,20210128,Thu,5,28,28,Jan,1,Jan 2021,202101,1,Q1 2021,20211,2021-01-30 00:00:00,5,W5 2021,202105,2021
2021-01-29 00:00:00,20210129,Fri,6,29,29,Jan,1,Jan 2021,202101,1,Q1 2021,20211,2021-01-30 00:00:00,5,W5 2021,202105,2021
2021-01-30 00:00:00,20210130,Sat,7,30,30,Jan,1,Jan 2021,202101,1,Q1 2021,20211,2021-01-30 00:00:00,5,W5 2021,202105,2021
2021-01-31 00:00:00,20210131,Sun,1,31,31,Jan,1,Jan 2021,202101,1,Q1 2021,20211,2021-02-06 00:00:00,6,W6 2021,202106,2021
2021-02-01 00:00:00,20210201,Mon,2,32,1,Feb,2,Feb 2021,202102,1,Q1 2021,20211,2021-02-06 00:00:00,6,W6 2021,202106,2021
2021-02-02 00:00:00,20210202,Tue,3,33,2,Feb,2,Feb 2021,202102,1,Q1 2021,20211,2021-02-06 00:00:00,6,W6 2021,202106,2021
2021-02-03 00:00:00,20210203,Wed,4,34,3,Feb,2,Feb 2021,202102,1,Q1 2021,20211,2021-02-06 00:00:00,6,W6 2021,202106,2021
2021-02-04 00:00:00,20210204,Thu,5,35,4,Feb,2,Feb 2021,202102,1,Q1 2021,20211,2021-02-06 00:00:00,6,W6 2021,202106,2021
2021-02-05 00:00:00,20210205,Fri,6,36,5,Feb,2,Feb 2021,202102,1,Q1 2021,20211,2021-02-06 00:00:00,6,W6 2021,202106,2021
2021-02-06 00:00:00,20210206,Sat,7,37,6,Feb,2,Feb 2021,202102,1,Q1 2021,20211,2021-02-06 00:00:00,6,W6 2021,202106,2021
2021-02-07 00:00:00,20210207,Sun,1,38,7,Feb,2,Feb 2021,202102,1,Q1 2021,20211,2021-02-13 00:00:00,7,W7 2021,202107,2021
2021-02-08 00:00:00,20210208,Mon,2,39,8,Feb,2,Feb 2021,202102,1,Q1 2021,20211,2021-02-13 00:00:00,7,W7 2021,202107,2021
2021-02-09 00:00:00,20210209,Tue,3,40,9,Feb,2,Feb 2021,202102,1,Q1 2021,20211,2021-02-13 00:00:00,7,W7 2021,202107,2021
2021-02-10 00:00:00,20210210,Wed,4,41,10,Feb,2,Feb 2021,202102,1,Q1 2021,20211,2021-02-13 00:00:00,7,W7 2021,202107,2021
2021-02-11 00:00:00,20210211,Thu,5,42,11,Feb,2,Feb 2021,202102,1,Q1 2021,20211,2021-02-13 00:00:00,7,W7 2021,202107,2021
2021-02-12 00:00:00,20210212,Fri,6,43,12,Feb,2,Feb 2021,202102,1,Q1 2021,20211,2021-02-13 00:00:00,7,W7 2021,202107,2021
2021-02-13 00:00:00,20210213,Sat,7,44,13,Feb,2,Feb 2021,202102,1,Q1 2021,20211,2021-02-13 00:00:00,7,W7 2021,202107,2021
2021-02-14 00:00:00,20210214,Sun,1,45,14,Feb,2,Feb 2021,202102,1,Q1 2021,20211,2021-02-20 00:00:00,8,W8 2021,202108,2021
2021-02-15 00:00:00,20210215,Mon,2,46,15,Feb,2,Feb 2021,202102,1,Q1 2021,20211,2021-02-20 00:00:00,8,W8 2021,202108,2021
2021-02-16 00:00:00,20210216,Tue,3,47,16,Feb,2,Feb 2021,202102,1,Q1 2021,20211,2021-02-20 00:00:00,8,W8 2021,202108,2021
2021-02-17 00:00:00,20210217,Wed,4,48,17,Feb,2,Feb 2021,202102,1,Q1 2021,20211,2021-02-20 00:00:00,8,W8 2021,202108,2021
2021-02-18 00:00:00,20210218,Thu,5,49,18,Feb,2,Feb 2021,202102,1,Q1 2021,20211,2021-02-20 00:00:00,8,W8 2021,202108,2021
2021-02-19 00:00:00,20210219,Fri,6,50,19,Feb,2,Feb 2021,202102,1,Q1 2021,20211,2021-02-20 00:00:00,8,W8 2021,202108,2021
2021-02-20 00:00:00,20210220,Sat,7,51,20,Feb,2,Feb 2021,202102,1,Q1 2021,20211,2021-02-20 00:00:00,8,W8 2021,202108,2021
2021-02-21 00:00:00,20210221,Sun,1,52,21,Feb,2,Feb 2021,202102,1,Q1 2021,20211,2021-02-27 00:00:00,9,W9 2021,202109,2021
2021-02-22 00:00:00,20210222,Mon,2,53,22,Feb,2,Feb 2021,202102,1,Q1 2021,20211,2021-02-27 00:00:00,9,W9 2021,202109,2021
2021-02-23 00:00:00,20210223,Tue,3,54,23,Feb,2,Feb 2021,202102,1,Q1 2021,20211,2021-02-27 00:00:00,9,W9 2021,202109,2021
2021-02-24 00:00:00,20210224,Wed,4,55,24,Feb,2,Feb 2021,202102,1,Q1 2021,20211,2021-02-27 00:00:00,9,W9 2021,202109,2021
2021-02-25 00:00:00,20210225,Thu,5,56,25,Feb,2,Feb 2021,202102,1,Q1 2021,20211,2021-02-27 00:00:00,9,W9 2021,202109,2021
2021-02-26 00:00:00,20210226,Fri,6,57,26,Feb,2,Feb 2021,202102,1,Q1 2021,20211,2021-02-27 00:00:00,9,W9 2021,202109,2021
2021-02-27 00:00:00,20210227,Sat,7,58,27,Feb,2,Feb 2021,202102,1,Q1 2021,20211,2021-02-27 00:00:00,9,W9 2021,202109,2021
2021-02-28 00:00:00,20210228,Sun,1,59,28,Feb,2,Feb 2021,202102,1,Q1 2021,20211,2021-03-06 00:00:00,10,W10 2021,202110,2021
2021-03-01 00:00:00,20210301,Mon,2,60,1,Mar,3,Mar 2021,202103,1,Q1 2021,20211,2021-03-06 00:00:00,10,W10 2021,202110,2021
2021-03-02 00:00:00,20210302,Tue,3,61,2,Mar,3,Mar 2021,202103,1,Q1 2021,20211,2021-03-06 00:00:00,10,W10 2021,202110,2021
2021-03-03 00:00:00,20210303,Wed,4,62,3,Mar,3,Mar 2021,202103,1,Q1 2021,20211,2021-03-06 00:00:00,10,W10 2021,202110,2021
2021-03-04 00:00:00,20210304,Thu,5,63,4,Mar,3,Mar 2021,202103,1,Q1 2021,20211,2021-03-06 00:00:00,10,W10 2021,202110,2021
2021-03-05 00:00:00,20210305,Fri,6,64,5,Mar,3,Mar 2021,202103,1,Q1 2021,20211,2021-03-06 00:00:00,10,W10 2021,202110,2021
2021-03-06 00:00:00,20210306,Sat,7,65,6,Mar,3,Mar 2021,202103,1,Q1 2021,20211,2021-03-06 00:00:00,10,W10 2021,202110,2021
2021-03-07 00:00:00,20210307,Sun,1,66,7,Mar,3,Mar 2021,202103,1,Q1 2021,20211,2021-03-13 00:00:00,11,W11 2021,202111,2021
2021-03-08 00:00:00,20210308,Mon,2,67,8,Mar,3,Mar 2021,202103,1,Q1 2021,20211,2021-03-13 00:00:00,11,W11 2021,202111,2021
2021-03-09 00:00:00,20210309,Tue,3,68,9,Mar,3,Mar 2021,202103,1,Q1 2021,20211,2021-03-13 00:00:00,11,W11 2021,202111,2021
2021-03-10 00:00:00,20210310,Wed,4,69,10,Mar,3,Mar 2021,202103,1,Q1 2021,20211,2021-03-13 00:00:00,11,W11 2021,202111,2021
2021-03-11 00:00:00,20210311,Thu,5,70,11,Mar,3,Mar 2021,202103,1,Q1 2021,20211,2021-03-13 00:00:00,11,W11 2021,202111,2021
2021-03-12 00:00:00,20210312,Fri,6,71,12,Mar,3,Mar 2021,202103,1,Q1 2021,20211,2021-03-13 00:00:00,11,W11 2021,202111,2021
2021-03-13 00:00:00,20210313,Sat,7,72,13,Mar,3,Mar 2021,202103,1,Q1 2021,20211,2021-03-13 00:00:00,11,W11 2021,202111,2021
2021-03-14 00:00:00,20210314,Sun,1,73,14,Mar,3,Mar 2021,202103,1,Q1 2021,20211,2021-03-20 00:00:00,12,W12 2021,202112,2021
2021-03-15 00:00:00,20210315,Mon,2,74,15,Mar,3,Mar 2021,202103,1,Q1 2021,20211,2021-03-20 00:00:00,12,W12 2021,202112,2021
2021-03-16 00:00:00,20210316,Tue,3,75,16,Mar,3,Mar 2021,202103,1,Q1 2021,20211,2021-03-20 00:00:00,12,W12 2021,202112,2021
2021-03-17 00:00:00,20210317,Wed,4,76,17,Mar,3,Mar 2021,202103,1,Q1 2021,20211,2021-03-20 00:00:00,12,W12 2021,202112,2021
2021-03-18 00:00:00,20210318,Thu,5,77,18,Mar,3,Mar 2021,202103,1,Q1 2021,20211,2021-03-20 00:00:00,12,W12 2021,202112,2021
2021-03-19 00:00:00,20210319,Fri,6,78,19,Mar,3,Mar 2021,202103,1,Q1 2021,20211,2021-03-20 00:00:00,12,W12 2021,202112,2021
2021-03-20 00:00:00,20210320,Sat,7,79,20,Mar,3,Mar 2021,202103,1,Q1 2021,20211,2021-03-20 00:00:00,12,W12 2021,202112,2021
2021-03-21 00:00:00,20210321,Sun,1,80,21,Mar,3,Mar 2021,202103,1,Q1 2021,20211,2021-03-27 00:00:00,13,W13 2021,202113,2021
2021-03-22 00:00:00,20210322,Mon,2,81,22,Mar,3,Mar 2021,202103,1,Q1 2021,20211,2021-03-27 00:00:00,13,W13 2021,202113,2021
2021-03-23 00:00:00,20210323,Tue,3,82,23,Mar,3,Mar 2021,202103,1,Q1 2021,20211,2021-03-27 00:00:00,13,W13 2021,202113,2021
2021-03-24 00:00:00,20210324,Wed,4,83,24,Mar,3,Mar 2021,202103,1,Q1 2021,20211,2021-03-27 00:00:00,13,W13 2021,202113,2021
2021-03-25 00:00:00,20210325,Thu,5,84,25,Mar,3,Mar 2021,202103,1,Q1 2021,20211,2021-03-27 00:00:00,13,W13 2021,202113,2021
2021-03-26 00:00:00,20210326,Fri,6,85,26,Mar,3,Mar 2021,202103,1,Q1 2021,20211,2021-03-27 00:00:00,13,W13 2021,202113,2021
2021-03-27 00:00:00,20210327,Sat,7,86,27,Mar,3,Mar 2021,202103,1,Q1 2021,20211,2021-03-27 00:00:00,13,W13 2021,202113,2021
2021-03-28 00:00:00,20210328,Sun,1,87,28,Mar,3,Mar 2021,202103,1,Q1 2021,20211,2021-04-03 00:00:00,14,W14 2021,202114,2021
2021-03-29 00:00:00,20210329,Mon,2,88,29,Mar,3,Mar 2021,202103,1,Q1 2021,20211,2021-04-03 00:00:00,14,W14 2021,202114,2021
2021-03-30 00:00:00,20210330,Tue,3,89,30,Mar,3,Mar 2021,202103,1,Q1 2021,20211,2021-04-03 00:00:00,14,W14 2021,202114,2021
2021-03-31 00:00:00,20210331,Wed,4,90,31,Mar,3,Mar 2021,202103,1,Q1 2021,20211,2021-04-03 00:00:00,14,W14 2021,202114,2021
2021-04-01 00:00:00,20210401,Thu,5,91,1,Apr,4,Apr 2021,202104,2,Q2 2021,20212,2021-04-03 00:00:00,14,W14 2021,202114,2021
2021-04-02 00:00:00,20210402,Fri,6,92,2,Apr,4,Apr 2021,202104,2,Q2 2021,20212,2021-04-03 00:00:00,14,W14 2021,202114,2021
2021-04-03 00:00:00,20210403,Sat,7,93,3,Apr,4,Apr 2021,202104,2,Q2 2021,20212,2021-04-03 00:00:00,14,W14 2021,202114,2021
2021-04-04 00:00:00,20210404,Sun,1,94,4,Apr,4,Apr 2021,202104,2,Q2 2021,20212,2021-04-10 00:00:00,15,W15 2021,202115,2021
2021-04-05 00:00:00,20210405,Mon,2,95,5,Apr,4,Apr 2021,202104,2,Q2 2021,20212,2021-04-10 00:00:00,15,W15 2021,202115,2021
2021-04-06 00:00:00,20210406,Tue,3,96,6,Apr,4,Apr 2021,202104,2,Q2 2021,20212,2021-04-10 00:00:00,15,W15 2021,202115,2021
2021-04-07 00:00:00,20210407,Wed,4,97,7,Apr,4,Apr 2021,202104,2,Q2 2021,20212,2021-04-10 00:00:00,15,W15 2021,202115,2021
2021-04-08 00:00:00,20210408,Thu,5,98,8,Apr,4,Apr 2021,202104,2,Q2 2021,20212,2021-04-10 00:00:00,15,W15 2021,202115,2021
2021-04-09 00:00:00,20210409,Fri,6,99,9,Apr,4,Apr 2021,202104,2,Q2 2021,20212,2021-04-10 00:00:00,15,W15 2021,202115,2021
2021-04-10 00:00:00,20210410,Sat,7,100,10,Apr,4,Apr 2021,202104,2,Q2 2021,20212,2021-04-10 00:00:00,15,W15 2021,202115,2021
2021-04-11 00:00:00,20210411,Sun,1,101,11,Apr,4,Apr 2021,202104,2,Q2 2021,20212,2021-04-17 00:00:00,16,W16 2021,202116,2021
2021-04-12 00:00:00,20210412,Mon,2,102,12,Apr,4,Apr 2021,202104,2,Q2 2021,20212,2021-04-17 00:00:00,16,W16 2021,202116,2021
2021-04-13 00:00:00,20210413,Tue,3,103,13,Apr,4,Apr 2021,202104,2,Q2 2021,20212,2021-04-17 00:00:00,16,W16 2021,202116,2021
2021-04-14 00:00:00,20210414,Wed,4,104,14,Apr,4,Apr 2021,202104,2,Q2 2021,20212,2021-04-17 00:00:00,16,W16 2021,202116,2021
2021-04-15 00:00:00,20210415,Thu,5,105,15,Apr,4,Apr 2021,202104,2,Q2 2021,20212,2021-04-17 00:00:00,16,W16 2021,202116,2021
2021-04-16 00:00:00,20210416,Fri,6,106,16,Apr,4,Apr 2021,202104,2,Q2 2021,20212,2021-04-17 00:00:00,16,W16 2021,202116,2021
2021-04-17 00:00:00,20210417,Sat,7,107,17,Apr,4,Apr 2021,202104,2,Q2 2021,20212,2021-04-17 00:00:00,16,W16 2021,202116,2021
2021-04-18 00:00:00,20210418,Sun,1,108,18,Apr,4,Apr 2021,202104,2,Q2 2021,20212,2021-04-24 00:00:00,17,W17 2021,202117,2021
2021-04-19 00:00:00,20210419,Mon,2,109,19,Apr,4,Apr 2021,202104,2,Q2 2021,20212,2021-04-24 00:00:00,17,W17 2021,202117,2021
2021-04-20 00:00:00,20210420,Tue,3,110,20,Apr,4,Apr 2021,202104,2,Q2 2021,20212,2021-04-24 00:00:00,17,W17 2021,202117,2021
2021-04-21 00:00:00,20210421,Wed,4,111,21,Apr,4,Apr 2021,202104,2,Q2 2021,20212,2021-04-24 00:00:00,17,W17 2021,202117,2021
2021-04-22 00:00:00,20210422,Thu,5,112,22,Apr,4,Apr 2021,202104,2,Q2 2021,20212,2021-04-24 00:00:00,17,W17 2021,202117,2021
2021-04-23 00:00:00,20210423,Fri,6,113,23,Apr,4,Apr 2021,202104,2,Q2 2021,20212,2021-04-24 00:00:00,17,W17 2021,202117,2021
2021-04-24 00:00:00,20210424,Sat,7,114,24,Apr,4,Apr 2021,202104,2,Q2 2021,20212,2021-04-24 00:00:00,17,W17 2021,202117,2021
2021-04-25 00:00:00,20210425,Sun,1,115,25,Apr,4,Apr 2021,202104,2,Q2 2021,20212,2021-05-01 00:00:00,18,W18 2021,202118,2021
2021-04-26 00:00:00,20210426,Mon,2,116,26,Apr,4,Apr 2021,202104,2,Q2 2021,20212,2021-05-01 00:00:00,18,W18 2021,202118,2021
2021-04-27 00:00:00,20210427,Tue,3,117,27,Apr,4,Apr 2021,202104,2,Q2 2021,20212,2021-05-01 00:00:00,18,W18 2021,202118,2021
2021-04-28 00:00:00,20210428,Wed,4,118,28,Apr,4,Apr 2021,202104,2,Q2 2021,20212,2021-05-01 00:00:00,18,W18 2021,202118,2021
2021-04-29 00:00:00,20210429,Thu,5,119,29,Apr,4,Apr 2021,202104,2,Q2 2021,20212,2021-05-01 00:00:00,18,W18 2021,202118,2021
2021-04-30 00:00:00,20210430,Fri,6,120,30,Apr,4,Apr 2021,202104,2,Q2 2021,20212,2021-05-01 00:00:00,18,W18 2021,202118,2021
2021-05-01 00:00:00,20210501,Sat,7,121,1,May,5,May 2021,202105,2,Q2 2021,20212,2021-05-01 00:00:00,18,W18 2021,202118,2021
2021-05-02 00:00:00,20210502,Sun,1,122,2,May,5,May 2021,202105,2,Q2 2021,20212,2021-05-08 00:00:00,19,W19 2021,202119,2021
2021-05-03 00:00:00,20210503,Mon,2,123,3,May,5,May 2021,202105,2,Q2 2021,20212,2021-05-08 00:00:00,19,W19 2021,202119,2021
2021-05-04 00:00:00,20210504,Tue,3,124,4,May,5,May 2021,202105,2,Q2 2021,20212,2021-05-08 00:00:00,19,W19 2021,202119,2021
2021-05-05 00:00:00,20210505,Wed,4,125,5,May,5,May 2021,202105,2,Q2 2021,20212,2021-05-08 00:00:00,19,W19 2021,202119,2021
2021-05-06 00:00:00,20210506,Thu,5,126,6,May,5,May 2021,202105,2,Q2 2021,20212,2021-05-08 00:00:00,19,W19 2021,202119,2021
2021-05-07 00:00:00,20210507,Fri,6,127,7,May,5,May 2021,202105,2,Q2 2021,20212,2021-05-08 00:00:00,19,W19 2021,202119,2021
2021-05-08 00:00:00,20210508,Sat,7,128,8,May,5,May 2021,202105,2,Q2 2021,20212,2021-05-08 00:00:00,19,W19 2021,202119,2021
2021-05-09 00:00:00,20210509,Sun,1,129,9,May,5,May 2021,202105,2,Q2 2021,20212,2021-05-15 00:00:00,20,W20 2021,202120,2021
2021-05-10 00:00:00,20210510,Mon,2,130,10,May,5,May 2021,202105,2,Q2 2021,20212,2021-05-15 00:00:00,20,W20 2021,202120,2021
2021-05-11 00:00:00,20210511,Tue,3,131,11,May,5,May 2021,202105,2,Q2 2021,20212,2021-05-15 00:00:00,20,W20 2021,202120,2021
2021-05-12 00:00:00,20210512,Wed,4,132,12,May,5,May 2021,202105,2,Q2 2021,20212,2021-05-15 00:00:00,20,W20 2021,202120,2021
2021-05-13 00:00:00,20210513,Thu,5,133,13,May,5,May 2021,202105,2,Q2 2021,20212,2021-05-15 00:00:00,20,W20 2021,202120,2021
2021-05-14 00:00:00,20210514,Fri,6,134,14,May,5,May 2021,202105,2,Q2 2021,20212,2021-05-15 00:00:00,20,W20 2021,202120,2021
2021-05-15 00:00:00,20210515,Sat,7,135,15,May,5,May 2021,202105,2,Q2 2021,20212,2021-05-15 00:00:00,20,W20 2021,202120,2021
2021-05-16 00:00:00,20210516,Sun,1,136,16,May,5,May 2021,202105,2,Q2 2021,20212,2021-05-22 00:00:00,21,W21 2021,202121,2021
2021-05-17 00:00:00,20210517,Mon,2,137,17,May,5,May 2021,202105,2,Q2 2021,20212,2021-05-22 00:00:00,21,W21 2021,202121,2021
2021-05-18 00:00:00,20210518,Tue,3,138,18,May,5,May 2021,202105,2,Q2 2021,20212,2021-05-22 00:00:00,21,W21 2021,202121,2021
2021-05-19 00:00:00,20210519,Wed,4,139,19,May,5,May 2021,202105,2,Q2 2021,20212,2021-05-22 00:00:00,21,W21 2021,202121,2021
2021-05-20 00:00:00,20210520,Thu,5,140,20,May,5,May 2021,202105,2,Q2 2021,20212,2021-05-22 00:00:00,21,W21 2021,202121,2021
2021-05-21 00:00:00,20210521,Fri,6,141,21,May,5,May 2021,202105,2,Q2 2021,20212,2021-05-22 00:00:00,21,W21 2021,202121,2021
2021-05-22 00:00:00,20210522,Sat,7,142,22,May,5,May 2021,202105,2,Q2 2021,20212,2021-05-22 00:00:00,21,W21 2021,202121,2021
2021-05-23 00:00:00,20210523,Sun,1,143,23,May,5,May 2021,202105,2,Q2 2021,20212,2021-05-29 00:00:00,22,W22 2021,202122,2021
2021-05-24 00:00:00,20210524,Mon,2,144,24,May,5,May 2021,202105,2,Q2 2021,20212,2021-05-29 00:00:00,22,W22 2021,202122,2021
2021-05-25 00:00:00,20210525,Tue,3,145,25,May,5,May 2021,202105,2,Q2 2021,20212,2021-05-29 00:00:00,22,W22 2021,202122,2021
2021-05-26 00:00:00,20210526,Wed,4,146,26,May,5,May 2021,202105,2,Q2 2021,20212,2021-05-29 00:00:00,22,W22 2021,202122,2021
2021-05-27 00:00:00,20210527,Thu,5,147,27,May,5,May 2021,202105,2,Q2 2021,20212,2021-05-29 00:00:00,22,W22 2021,202122,2021
2021-05-28 00:00:00,20210528,Fri,6,148,28,May,5,May 2021,202105,2,Q2 2021,20212,2021-05-29 00:00:00,22,W22 2021,202122,2021
2021-05-29 00:00:00,20210529,Sat,7,149,29,May,5,May 2021,202105,2,Q2 2021,20212,2021-05-29 00:00:00,22,W22 2021,202122,2021
2021-05-30 00:00:00,20210530,Sun,1,150,30,May,5,May 2021,202105,2,Q2 2021,20212,2021-06-05 00:00:00,23,W23 2021,202123,2021
2021-05-31 00:00:00,20210531,Mon,2,151,31,May,5,May 2021,202105,2,Q2 2021,20212,2021-06-05 00:00:00,23,W23 2021,202123,2021
2021-06-01 00:00:00,20210601,Tue,3,152,1,Jun,6,Jun 2021,202106,2,Q2 2021,20212,2021-06-05 00:00:00,23,W23 2021,202123,2021
2021-06-02 00:00:00,20210602,Wed,4,153,2,Jun,6,Jun 2021,202106,2,Q2 2021,20212,2021-06-05 00:00:00,23,W23 2021,202123,2021
2021-06-03 00:00:00,20210603,Thu,5,154,3,Jun,6,Jun 2021,202106,2,Q2 2021,20212,2021-06-05 00:00:00,23,W23 2021,202123,2021
2021-06-04 00:00:00,20210604,Fri,6,155,4,Jun,6,Jun 2021,202106,2,Q2 2021,20212,2021-06-05 00:00:00,23,W23 2021,202123,2021
2021-06-05 00:00:00,20210605,Sat,7,156,5,Jun,6,Jun 2021,202106,2,Q2 2021,20212,2021-06-05 00:00:00,23,W23 2021,202123,2021
2021-06-06 00:00:00,20210606,Sun,1,157,6,Jun,6,Jun 2021,202106,2,Q2 2021,20212,2021-06-12 00:00:00,24,W24 2021,202124,2021
2021-06-07 00:00:00,20210607,Mon,2,158,7,Jun,6,Jun 2021,202106,2,Q2 2021,20212,2021-06-12 00:00:00,24,W24 2021,202124,2021
2021-06-08 00:00:00,20210608,Tue,3,159,8,Jun,6,Jun 2021,202106,2,Q2 2021,20212,2021-06-12 00:00:00,24,W24 2021,202124,2021
2021-06-09 00:00:00,20210609,Wed,4,160,9,Jun,6,Jun 2021,202106,2,Q2 2021,20212,2021-06-12 00:00:00,24,W24 2021,202124,2021
2021-06-10 00:00:00,20210610,Thu,5,161,10,Jun,6,Jun 2021,202106,2,Q2 2021,20212,2021-06-12 00:00:00,24,W24 2021,202124,2021
2021-06-11 00:00:00,20210611,Fri,6,162,11,Jun,6,Jun 2021,202106,2,Q2 2021,20212,2021-06-12 00:00:00,24,W24 2021,202124,2021
2021-06-12 00:00:00,20210612,Sat,7,163,12,Jun,6,Jun 2021,202106,2,Q2 2021,20212,2021-06-12 00:00:00,24,W24 2021,202124,2021
2021-06-13 00:00:00,20210613,Sun,1,164,13,Jun,6,Jun 2021,202106,2,Q2 2021,20212,2021-06-19 00:00:00,25,W25 2021,202125,2021
2021-06-14 00:00:00,20210614,Mon,2,165,14,Jun,6,Jun 2021,202106,2,Q2 2021,20212,2021-06-19 00:00:00,25,W25 2021,202125,2021
2021-06-15 00:00:00,20210615,Tue,3,166,15,Jun,6,Jun 2021,202106,2,Q2 2021,20212,2021-06-19 00:00:00,25,W25 2021,202125,2021
2021-06-16 00:00:00,20210616,Wed,4,167,16,Jun,6,Jun 2021,202106,2,Q2 2021,20212,2021-06-19 00:00:00,25,W25 2021,202125,2021
2021-06-17 00:00:00,20210617,Thu,5,168,17,Jun,6,Jun 2021,202106,2,Q2 2021,20212,2021-06-19 00:00:00,25,W25 2021,202125,2021
2021-06-18 00:00:00,20210618,Fri,6,169,18,Jun,6,Jun 2021,202106,2,Q2 2021,20212,2021-06-19 00:00:00,25,W25 2021,202125,2021
2021-06-19 00:00:00,20210619,Sat,7,170,19,Jun,6,Jun 2021,202106,2,Q2 2021,20212,2021-06-19 00:00:00,25,W25 2021,202125,2021
2021-06-20 00:00:00,20210620,Sun,1,171,20,Jun,6,Jun 2021,202106,2,Q2 2021,20212,2021-06-26 00:00:00,26,W26 2021,202126,2021
2021-06-21 00:00:00,20210621,Mon,2,172,21,Jun,6,Jun 2021,202106,2,Q2 2021,20212,2021-06-26 00:00:00,26,W26 2021,202126,2021
2021-06-22 00:00:00,20210622,Tue,3,173,22,Jun,6,Jun 2021,202106,2,Q2 2021,20212,2021-06-26 00:00:00,26,W26 2021,202126,2021
2021-06-23 00:00:00,20210623,Wed,4,174,23,Jun,6,Jun 2021,202106,2,Q2 2021,20212,2021-06-26 00:00:00,26,W26 2021,202126,2021
2021-06-24 00:00:00,20210624,Thu,5,175,24,Jun,6,Jun 2021,202106,2,Q2 2021,20212,2021-06-26 00:00:00,26,W26 2021,202126,2021
2021-06-25 00:00:00,20210625,Fri,6,176,25,Jun,6,Jun 2021,202106,2,Q2 2021,20212,2021-06-26 00:00:00,26,W26 2021,202126,2021
2021-06-26 00:00:00,20210626,Sat,7,177,26,Jun,6,Jun 2021,202106,2,Q2 2021,20212,2021-06-26 00:00:00,26,W26 2021,202126,2021
2021-06-27 00:00:00,20210627,Sun,1,178,27,Jun,6,Jun 2021,202106,2,Q2 2021,20212,2021-07-03 00:00:00,27,W27 2021,202127,2021
2021-06-28 00:00:00,20210628,Mon,2,179,28,Jun,6,Jun 2021,202106,2,Q2 2021,20212,2021-07-03 00:00:00,27,W27 2021,202127,2021
2021-06-29 00:00:00,20210629,Tue,3,180,29,Jun,6,Jun 2021,202106,2,Q2 2021,20212,2021-07-03 00:00:00,27,W27 2021,202127,2021
2021-06-30 00:00:00,20210630,Wed,4,181,30,Jun,6,Jun 2021,202106,2,Q2 2021,20212,2021-07-03 00:00:00,27,W27 2021,202127,2021
2021-07-01 00:00:00,20210701,Thu,5,182,1,Jul,7,Jul 2021,202107,3,Q3 2021,20213,2021-07-03 00:00:00,27,W27 2021,202127,2021
2021-07-02 00:00:00,20210702,Fri,6,183,2,Jul,7,Jul 2021,202107,3,Q3 2021,20213,2021-07-03 00:00:00,27,W27 2021,202127,2021
2021-07-03 00:00:00,20210703,Sat,7,184,3,Jul,7,Jul 2021,202107,3,Q3 2021,20213,2021-07-03 00:00:00,27,W27 2021,202127,2021
2021-07-04 00:00:00,20210704,Sun,1,185,4,Jul,7,Jul 2021,202107,3,Q3 2021,20213,2021-07-10 00:00:00,28,W28 2021,202128,2021
2021-07-05 00:00:00,20210705,Mon,2,186,5,Jul,7,Jul 2021,202107,3,Q3 2021,20213,2021-07-10 00:00:00,28,W28 2021,202128,2021
2021-07-06 00:00:00,20210706,Tue,3,187,6,Jul,7,Jul 2021,202107,3,Q3 2021,20213,2021-07-10 00:00:00,28,W28 2021,202128,2021
2021-07-07 00:00:00,20210707,Wed,4,188,7,Jul,7,Jul 2021,202107,3,Q3 2021,20213,2021-07-10 00:00:00,28,W28 2021,202128,2021
2021-07-08 00:00:00,20210708,Thu,5,189,8,Jul,7,Jul 2021,202107,3,Q3 2021,20213,2021-07-10 00:00:00,28,W28 2021,202128,2021
2021-07-09 00:00:00,20210709,Fri,6,190,9,Jul,7,Jul 2021,202107,3,Q3 2021,20213,2021-07-10 00:00:00,28,W28 2021,202128,2021
2021-07-10 00:00:00,20210710,Sat,7,191,10,Jul,7,Jul 2021,202107,3,Q3 2021,20213,2021-07-10 00:00:00,28,W28 2021,202128,2021
2021-07-11 00:00:00,20210711,Sun,1,192,11,Jul,7,Jul 2021,202107,3,Q3 2021,20213,2021-07-17 00:00:00,29,W29 2021,202129,2021
2021-07-12 00:00:00,20210712,Mon,2,193,12,Jul,7,Jul 2021,202107,3,Q3 2021,20213,2021-07-17 00:00:00,29,W29 2021,202129,2021
2021-07-13 00:00:00,20210713,Tue,3,194,13,Jul,7,Jul 2021,202107,3,Q3 2021,20213,2021-07-17 00:00:00,29,W29 2021,202129,2021
2021-07-14 00:00:00,20210714,Wed,4,195,14,Jul,7,Jul 2021,202107,3,Q3 2021,20213,2021-07-17 00:00:00,29,W29 2021,202129,2021
2021-07-15 00:00:00,20210715,Thu,5,196,15,Jul,7,Jul 2021,202107,3,Q3 2021,20213,2021-07-17 00:00:00,29,W29 2021,202129,2021
2021-07-16 00:00:00,20210716,Fri,6,197,16,Jul,7,Jul 2021,202107,3,Q3 2021,20213,2021-07-17 00:00:00,29,W29 2021,202129,2021
2021-07-17 00:00:00,20210717,Sat,7,198,17,Jul,7,Jul 2021,202107,3,Q3 2021,20213,2021-07-17 00:00:00,29,W29 2021,202129,2021
2021-07-18 00:00:00,20210718,Sun,1,199,18,Jul,7,Jul 2021,202107,3,Q3 2021,20213,2021-07-24 00:00:00,30,W30 2021,202130,2021
2021-07-19 00:00:00,20210719,Mon,2,200,19,Jul,7,Jul 2021,202107,3,Q3 2021,20213,2021-07-24 00:00:00,30,W30 2021,202130,2021
2021-07-20 00:00:00,20210720,Tue,3,201,20,Jul,7,Jul 2021,202107,3,Q3 2021,20213,2021-07-24 00:00:00,30,W30 2021,202130,2021
2021-07-21 00:00:00,20210721,Wed,4,202,21,Jul,7,Jul 2021,202107,3,Q3 2021,20213,2021-07-24 00:00:00,30,W30 2021,202130,2021
2021-07-22 00:00:00,20210722,Thu,5,203,22,Jul,7,Jul 2021,202107,3,Q3 2021,20213,2021-07-24 00:00:00,30,W30 2021,202130,2021
2021-07-23 00:00:00,20210723,Fri,6,204,23,Jul,7,Jul 2021,202107,3,Q3 2021,20213,2021-07-24 00:00:00,30,W30 2021,202130,2021
2021-07-24 00:00:00,20210724,Sat,7,205,24,Jul,7,Jul 2021,202107,3,Q3 2021,20213,2021-07-24 00:00:00,30,W30 2021,202130,2021
2021-07-25 00:00:00,20210725,Sun,1,206,25,Jul,7,Jul 2021,202107,3,Q3 2021,20213,2021-07-31 00:00:00,31,W31 2021,202131,2021
2021-07-26 00:00:00,20210726,Mon,2,207,26,Jul,7,Jul 2021,202107,3,Q3 2021,20213,2021-07-31 00:00:00,31,W31 2021,202131,2021
2021-07-27 00:00:00,20210727,Tue,3,208,27,Jul,7,Jul 2021,202107,3,Q3 2021,20213,2021-07-31 00:00:00,31,W31 2021,202131,2021
2021-07-28 00:00:00,20210728,Wed,4,209,28,Jul,7,Jul 2021,202107,3,Q3 2021,20213,2021-07-31 00:00:00,31,W31 2021,202131,2021
2021-07-29 00:00:00,20210729,Thu,5,210,29,Jul,7,Jul 2021,202107,3,Q3 2021,20213,2021-07-31 00:00:00,31,W31 2021,202131,2021
2021-07-30 00:00:00,20210730,Fri,6,211,30,Jul,7,Jul 2021,202107,3,Q3 2021,20213,2021-07-31 00:00:00,31,W31 2021,202131,2021
2021-07-31 00:00:00,20210731,Sat,7,212,31,Jul,7,Jul 2021,202107,3,Q3 2021,20213,2021-07-31 00:00:00,31,W31 2021,202131,2021
2021-08-01 00:00:00,20210801,Sun,1,213,1,Aug,8,Aug 2021,202108,3,Q3 2021,20213,2021-08-07 00:00:00,32,W32 2021,202132,2021
2021-08-02 00:00:00,20210802,Mon,2,214,2,Aug,8,Aug 2021,202108,3,Q3 2021,20213,2021-08-07 00:00:00,32,W32 2021,202132,2021
2021-08-03 00:00:00,20210803,Tue,3,215,3,Aug,8,Aug 2021,202108,3,Q3 2021,20213,2021-08-07 00:00:00,32,W32 2021,202132,2021
2021-08-04 00:00:00,20210804,Wed,4,216,4,Aug,8,Aug 2021,202108,3,Q3 2021,20213,2021-08-07 00:00:00,32,W32 2021,202132,2021
2021-08-05 00:00:00,20210805,Thu,5,217,5,Aug,8,Aug 2021,202108,3,Q3 2021,20213,2021-08-07 00:00:00,32,W32 2021,202132,2021
2021-08-06 00:00:00,20210806,Fri,6,218,6,Aug,8,Aug 2021,202108,3,Q3 2021,20213,2021-08-07 00:00:00,32,W32 2021,202132,2021
2021-08-07 00:00:00,20210807,Sat,7,219,7,Aug,8,Aug 2021,202108,3,Q3 2021,20213,2021-08-07 00:00:00,32,W32 2021,202132,2021
2021-08-08 00:00:00,20210808,Sun,1,220,8,Aug,8,Aug 2021,202108,3,Q3 2021,20213,2021-08-14 00:00:00,33,W33 2021,202133,2021
2021-08-09 00:00:00,20210809,Mon,2,221,9,Aug,8,Aug 2021,202108,3,Q3 2021,20213,2021-08-14 00:00:00,33,W33 2021,202133,2021
2021-08-10 00:00:00,20210810,Tue,3,222,10,Aug,8,Aug 2021,202108,3,Q3 2021,20213,2021-08-14 00:00:00,33,W33 2021,202133,2021
2021-08-11 00:00:00,20210811,Wed,4,223,11,Aug,8,Aug 2021,202108,3,Q3 2021,20213,2021-08-14 00:00:00,33,W33 2021,202133,2021
2021-08-12 00:00:00,20210812,Thu,5,224,12,Aug,8,Aug 2021,202108,3,Q3 2021,20213,2021-08-14 00:00:00,33,W33 2021,202133,2021
2021-08-13 00:00:00,20210813,Fri,6,225,13,Aug,8,Aug 2021,202108,3,Q3 2021,20213,2021-08-14 00:00:00,33,W33 2021,202133,2021
2021-08-14 00:00:00,20210814,Sat,7,226,14,Aug,8,Aug 2021,202108,3,Q3 2021,20213,2021-08-14 00:00:00,33,W33 2021,202133,2021
2021-08-15 00:00:00,20210815,Sun,1,227,15,Aug,8,Aug 2021,202108,3,Q3 2021,20213,2021-08-21 00:00:00,34,W34 2021,202134,2021
2021-08-16 00:00:00,20210816,Mon,2,228,16,Aug,8,Aug 2021,202108,3,Q3 2021,20213,2021-08-21 00:00:00,34,W34 2021,202134,2021
2021-08-17 00:00:00,20210817,Tue,3,229,17,Aug,8,Aug 2021,202108,3,Q3 2021,20213,2021-08-21 00:00:00,34,W34 2021,202134,2021
2021-08-18 00:00:00,20210818,Wed,4,230,18,Aug,8,Aug 2021,202108,3,Q3 2021,20213,2021-08-21 00:00:00,34,W34 2021,202134,2021
2021-08-19 00:00:00,20210819,Thu,5,231,19,Aug,8,Aug 2021,202108,3,Q3 2021,20213,2021-08-21 00:00:00,34,W34 2021,202134,2021
2021-08-20 00:00:00,20210820,Fri,6,232,20,Aug,8,Aug 2021,202108,3,Q3 2021,20213,2021-08-21 00:00:00,34,W34 2021,202134,2021
2021-08-21 00:00:00,20210821,Sat,7,233,21,Aug,8,Aug 2021,202108,3,Q3 2021,20213,2021-08-21 00:00:00,34,W34 2021,202134,2021
2021-08-22 00:00:00,20210822,Sun,1,234,22,Aug,8,Aug 2021,202108,3,Q3 2021,20213,2021-08-28 00:00:00,35,W35 2021,202135,2021
2021-08-23 00:00:00,20210823,Mon,2,235,23,Aug,8,Aug 2021,202108,3,Q3 2021,20213,2021-08-28 00:00:00,35,W35 2021,202135,2021
2021-08-24 00:00:00,20210824,Tue,3,236,24,Aug,8,Aug 2021,202108,3,Q3 2021,20213,2021-08-28 00:00:00,35,W35 2021,202135,2021
2021-08-25 00:00:00,20210825,Wed,4,237,25,Aug,8,Aug 2021,202108,3,Q3 2021,20213,2021-08-28 00:00:00,35,W35 2021,202135,2021
2021-08-26 00:00:00,20210826,Thu,5,238,26,Aug,8,Aug 2021,202108,3,Q3 2021,20213,2021-08-28 00:00:00,35,W35 2021,202135,2021
2021-08-27 00:00:00,20210827,Fri,6,239,27,Aug,8,Aug 2021,202108,3,Q3 2021,20213,2021-08-28 00:00:00,35,W35 2021,202135,2021
2021-08-28 00:00:00,20210828,Sat,7,240,28,Aug,8,Aug 2021,202108,3,Q3 2021,20213,2021-08-28 00:00:00,35,W35 2021,202135,2021
2021-08-29 00:00:00,20210829,Sun,1,241,29,Aug,8,Aug 2021,202108,3,Q3 2021,20213,2021-09-04 00:00:00,36,W36 2021,202136,2021
2021-08-30 00:00:00,20210830,Mon,2,242,30,Aug,8,Aug 2021,202108,3,Q3 2021,20213,2021-09-04 00:00:00,36,W36 2021,202136,2021
2021-08-31 00:00:00,20210831,Tue,3,243,31,Aug,8,Aug 2021,202108,3,Q3 2021,20213,2021-09-04 00:00:00,36,W36 2021,202136,2021
2021-09-01 00:00:00,20210901,Wed,4,244,1,Sep,9,Sep 2021,202109,3,Q3 2021,20213,2021-09-04 00:00:00,36,W36 2021,202136,2021
2021-09-02 00:00:00,20210902,Thu,5,245,2,Sep,9,Sep 2021,202109,3,Q3 2021,20213,2021-09-04 00:00:00,36,W36 2021,202136,2021
2021-09-03 00:00:00,20210903,Fri,6,246,3,Sep,9,Sep 2021,202109,3,Q3 2021,20213,2021-09-04 00:00:00,36,W36 2021,202136,2021
2021-09-04 00:00:00,20210904,Sat,7,247,4,Sep,9,Sep 2021,202109,3,Q3 2021,20213,2021-09-04 00:00:00,36,W36 2021,202136,2021
2021-09-05 00:00:00,20210905,Sun,1,248,5,Sep,9,Sep 2021,202109,3,Q3 2021,20213,2021-09-11 00:00:00,37,W37 2021,202137,2021
2021-09-06 00:00:00,20210906,Mon,2,249,6,Sep,9,Sep 2021,202109,3,Q3 2021,20213,2021-09-11 00:00:00,37,W37 2021,202137,2021
2021-09-07 00:00:00,20210907,Tue,3,250,7,Sep,9,Sep 2021,202109,3,Q3 2021,20213,2021-09-11 00:00:00,37,W37 2021,202137,2021
2021-09-08 00:00:00,20210908,Wed,4,251,8,Sep,9,Sep 2021,202109,3,Q3 2021,20213,2021-09-11 00:00:00,37,W37 2021,202137,2021
2021-09-09 00:00:00,20210909,Thu,5,252,9,Sep,9,Sep 2021,202109,3,Q3 2021,20213,2021-09-11 00:00:00,37,W37 2021,202137,2021
2021-09-10 00:00:00,20210910,Fri,6,253,10,Sep,9,Sep 2021,202109,3,Q3 2021,20213,2021-09-11 00:00:00,37,W37 2021,202137,2021
2021-09-11 00:00:00,20210911,Sat,7,254,11,Sep,9,Sep 2021,202109,3,Q3 2021,20213,2021-09-11 00:00:00,37,W37 2021,202137,2021
2021-09-12 00:00:00,20210912,Sun,1,255,12,Sep,9,Sep 2021,202109,3,Q3 2021,20213,2021-09-18 00:00:00,38,W38 2021,202138,2021
2021-09-13 00:00:00,20210913,Mon,2,256,13,Sep,9,Sep 2021,202109,3,Q3 2021,20213,2021-09-18 00:00:00,38,W38 2021,202138,2021
2021-09-14 00:00:00,20210914,Tue,3,257,14,Sep,9,Sep 2021,202109,3,Q3 2021,20213,2021-09-18 00:00:00,38,W38 2021,202138,2021
2021-09-15 00:00:00,20210915,Wed,4,258,15,Sep,9,Sep 2021,202109,3,Q3 2021,20213,2021-09-18 00:00:00,38,W38 2021,202138,2021
2021-09-16 00:00:00,20210916,Thu,5,259,16,Sep,9,Sep 2021,202109,3,Q3 2021,20213,2021-09-18 00:00:00,38,W38 2021,202138,2021
2021-09-17 00:00:00,20210917,Fri,6,260,17,Sep,9,Sep 2021,202109,3,Q3 2021,20213,2021-09-18 00:00:00,38,W38 2021,202138,2021
2021-09-18 00:00:00,20210918,Sat,7,261,18,Sep,9,Sep 2021,202109,3,Q3 2021,20213,2021-09-18 00:00:00,38,W38 2021,202138,2021
2021-09-19 00:00:00,20210919,Sun,1,262,19,Sep,9,Sep 2021,202109,3,Q3 2021,20213,2021-09-25 00:00:00,39,W39 2021,202139,2021
2021-09-20 00:00:00,20210920,Mon,2,263,20,Sep,9,Sep 2021,202109,3,Q3 2021,20213,2021-09-25 00:00:00,39,W39 2021,202139,2021
2021-09-21 00:00:00,20210921,Tue,3,264,21,Sep,9,Sep 2021,202109,3,Q3 2021,20213,2021-09-25 00:00:00,39,W39 2021,202139,2021
2021-09-22 00:00:00,20210922,Wed,4,265,22,Sep,9,Sep 2021,202109,3,Q3 2021,20213,2021-09-25 00:00:00,39,W39 2021,202139,2021
2021-09-23 00:00:00,20210923,Thu,5,266,23,Sep,9,Sep 2021,202109,3,Q3 2021,20213,2021-09-25 00:00:00,39,W39 2021,202139,2021
2021-09-24 00:00:00,20210924,Fri,6,267,24,Sep,9,Sep 2021,202109,3,Q3 2021,20213,2021-09-25 00:00:00,39,W39 2021,202139,2021
2021-09-25 00:00:00,20210925,Sat,7,268,25,Sep,9,Sep 2021,202109,3,Q3 2021,20213,2021-09-25 00:00:00,39,W39 2021,202139,2021
2021-09-26 00:00:00,20210926,Sun,1,269,26,Sep,9,Sep 2021,202109,3,Q3 2021,20213,2021-10-02 00:00:00,40,W40 2021,202140,2021
2021-09-27 00:00:00,20210927,Mon,2,270,27,Sep,9,Sep 2021,202109,3,Q3 2021,20213,2021-10-02 00:00:00,40,W40 2021,202140,2021
2021-09-28 00:00:00,20210928,Tue,3,271,28,Sep,9,Sep 2021,202109,3,Q3 2021,20213,2021-10-02 00:00:00,40,W40 2021,202140,2021
2021-09-29 00:00:00,20210929,Wed,4,272,29,Sep,9,Sep 2021,202109,3,Q3 2021,20213,2021-10-02 00:00:00,40,W40 2021,202140,2021
2021-09-30 00:00:00,20210930,Thu,5,273,30,Sep,9,Sep 2021,202109,3,Q3 2021,20213,2021-10-02 00:00:00,40,W40 2021,202140,2021
2021-10-01 00:00:00,20211001,Fri,6,274,1,Oct,10,Oct 2021,202110,4,Q4 2021,20214,2021-10-02 00:00:00,40,W40 2021,202140,2021
2021-10-02 00:00:00,20211002,Sat,7,275,2,Oct,10,Oct 2021,202110,4,Q4 2021,20214,2021-10-02 00:00:00,40,W40 2021,202140,2021
2021-10-03 00:00:00,20211003,Sun,1,276,3,Oct,10,Oct 2021,202110,4,Q4 2021,20214,2021-10-09 00:00:00,41,W41 2021,202141,2021
2021-10-04 00:00:00,20211004,Mon,2,277,4,Oct,10,Oct 2021,202110,4,Q4 2021,20214,2021-10-09 00:00:00,41,W41 2021,202141,2021
2021-10-05 00:00:00,20211005,Tue,3,278,5,Oct,10,Oct 2021,202110,4,Q4 2021,20214,2021-10-09 00:00:00,41,W41 2021,202141,2021
2021-10-06 00:00:00,20211006,Wed,4,279,6,Oct,10,Oct 2021,202110,4,Q4 2021,20214,2021-10-09 00:00:00,41,W41 2021,202141,2021
2021-10-07 00:00:00,20211007,Thu,5,280,7,Oct,10,Oct 2021,202110,4,Q4 2021,20214,2021-10-09 00:00:00,41,W41 2021,202141,2021
2021-10-08 00:00:00,20211008,Fri,6,281,8,Oct,10,Oct 2021,202110,4,Q4 2021,20214,2021-10-09 00:00:00,41,W41 2021,202141,2021
2021-10-09 00:00:00,20211009,Sat,7,282,9,Oct,10,Oct 2021,202110,4,Q4 2021,20214,2021-10-09 00:00:00,41,W41 2021,202141,2021
2021-10-10 00:00:00,20211010,Sun,1,283,10,Oct,10,Oct 2021,202110,4,Q4 2021,20214,2021-10-16 00:00:00,42,W42 2021,202142,2021
2021-10-11 00:00:00,20211011,Mon,2,284,11,Oct,10,Oct 2021,202110,4,Q4 2021,20214,2021-10-16 00:00:00,42,W42 2021,202142,2021
2021-10-12 00:00:00,20211012,Tue,3,285,12,Oct,10,Oct 2021,202110,4,Q4 2021,20214,2021-10-16 00:00:00,42,W42 2021,202142,2021
2021-10-13 00:00:00,20211013,Wed,4,286,13,Oct,10,Oct 2021,202110,4,Q4 2021,20214,2021-10-16 00:00:00,42,W42 2021,202142,2021
2021-10-14 00:00:00,20211014,Thu,5,287,14,Oct,10,Oct 2021,202110,4,Q4 2021,20214,2021-10-16 00:00:00,42,W42 2021,202142,2021
2021-10-15 00:00:00,20211015,Fri,6,288,15,Oct,10,Oct 2021,202110,4,Q4 2021,20214,2021-10-16 00:00:00,42,W42 2021,202142,2021
2021-10-16 00:00:00,20211016,Sat,7,289,16,Oct,10,Oct 2021,202110,4,Q4 2021,20214,2021-10-16 00:00:00,42,W42 2021,202142,2021
2021-10-17 00:00:00,20211017,Sun,1,290,17,Oct,10,Oct 2021,202110,4,Q4 2021,20214,2021-10-23 00:00:00,43,W43 2021,202143,2021
2021-10-18 00:00:00,20211018,Mon,2,291,18,Oct,10,Oct 2021,202110,4,Q4 2021,20214,2021-10-23 00:00:00,43,W43 2021,202143,2021
2021-10-19 00:00:00,20211019,Tue,3,292,19,Oct,10,Oct 2021,202110,4,Q4 2021,20214,2021-10-23 00:00:00,43,W43 2021,202143,2021
2021-10-20 00:00:00,20211020,Wed,4,293,20,Oct,10,Oct 2021,202110,4,Q4 2021,20214,2021-10-23 00:00:00,43,W43 2021,202143,2021
2021-10-21 00:00:00,20211021,Thu,5,294,21,Oct,10,Oct 2021,202110,4,Q4 2021,20214,2021-10-23 00:00:00,43,W43 2021,202143,2021
2021-10-22 00:00:00,20211022,Fri,6,295,22,Oct,10,Oct 2021,202110,4,Q4 2021,20214,2021-10-23 00:00:00,43,W43 2021,202143,2021
2021-10-23 00:00:00,20211023,Sat,7,296,23,Oct,10,Oct 2021,202110,4,Q4 2021,20214,2021-10-23 00:00:00,43,W43 2021,202143,2021
2021-10-24 00:00:00,20211024,Sun,1,297,24,Oct,10,Oct 2021,202110,4,Q4 2021,20214,2021-10-30 00:00:00,44,W44 2021,202144,2021
2021-10-25 00:00:00,20211025,Mon,2,298,25,Oct,10,Oct 2021,202110,4,Q4 2021,20214,2021-10-30 00:00:00,44,W44 2021,202144,2021
2021-10-26 00:00:00,20211026,Tue,3,299,26,Oct,10,Oct 2021,202110,4,Q4 2021,20214,2021-10-30 00:00:00,44,W44 2021,202144,2021
2021-10-27 00:00:00,20211027,Wed,4,300,27,Oct,10,Oct 2021,202110,4,Q4 2021,20214,2021-10-30 00:00:00,44,W44 2021,202144,2021
2021-10-28 00:00:00,20211028,Thu,5,301,28,Oct,10,Oct 2021,202110,4,Q4 2021,20214,2021-10-30 00:00:00,44,W44 2021,202144,2021
2021-10-29 00:00:00,20211029,Fri,6,302,29,Oct,10,Oct 2021,202110,4,Q4 2021,20214,2021-10-30 00:00:00,44,W44 2021,202144,2021
2021-10-30 00:00:00,20211030,Sat,7,303,30,Oct,10,Oct 2021,202110,4,Q4 2021,20214,2021-10-30 00:00:00,44,W44 2021,202144,2021
2021-10-31 00:00:00,20211031,Sun,1,304,31,Oct,10,Oct 2021,202110,4,Q4 2021,20214,2021-11-06 00:00:00,45,W45 2021,202145,2021
2021-11-01 00:00:00,20211101,Mon,2,305,1,Nov,11,Nov 2021,202111,4,Q4 2021,20214,2021-11-06 00:00:00,45,W45 2021,202145,2021
2021-11-02 00:00:00,20211102,Tue,3,306,2,Nov,11,Nov 2021,202111,4,Q4 2021,20214,2021-11-06 00:00:00,45,W45 2021,202145,2021
2021-11-03 00:00:00,20211103,Wed,4,307,3,Nov,11,Nov 2021,202111,4,Q4 2021,20214,2021-11-06 00:00:00,45,W45 2021,202145,2021
2021-11-04 00:00:00,20211104,Thu,5,308,4,Nov,11,Nov 2021,202111,4,Q4 2021,20214,2021-11-06 00:00:00,45,W45 2021,202145,2021
2021-11-05 00:00:00,20211105,Fri,6,309,5,Nov,11,Nov 2021,202111,4,Q4 2021,20214,2021-11-06 00:00:00,45,W45 2021,202145,2021
2021-11-06 00:00:00,20211106,Sat,7,310,6,Nov,11,Nov 2021,202111,4,Q4 2021,20214,2021-11-06 00:00:00,45,W45 2021,202145,2021
2021-11-07 00:00:00,20211107,Sun,1,311,7,Nov,11,Nov 2021,202111,4,Q4 2021,20214,2021-11-13 00:00:00,46,W46 2021,202146,2021
2021-11-08 00:00:00,20211108,Mon,2,312,8,Nov,11,Nov 2021,202111,4,Q4 2021,20214,2021-11-13 00:00:00,46,W46 2021,202146,2021
2021-11-09 00:00:00,20211109,Tue,3,313,9,Nov,11,Nov 2021,202111,4,Q4 2021,20214,2021-11-13 00:00:00,46,W46 2021,202146,2021
2021-11-10 00:00:00,20211110,Wed,4,314,10,Nov,11,Nov 2021,202111,4,Q4 2021,20214,2021-11-13 00:00:00,46,W46 2021,202146,2021
2021-11-11 00:00:00,20211111,Thu,5,315,11,Nov,11,Nov 2021,202111,4,Q4 2021,20214,2021-11-13 00:00:00,46,W46 2021,202146,2021
2021-11-12 00:00:00,20211112,Fri,6,316,12,Nov,11,Nov 2021,202111,4,Q4 2021,20214,2021-11-13 00:00:00,46,W46 2021,202146,2021
2021-11-13 00:00:00,20211113,Sat,7,317,13,Nov,11,Nov 2021,202111,4,Q4 2021,20214,2021-11-13 00:00:00,46,W46 2021,202146,2021
2021-11-14 00:00:00,20211114,Sun,1,318,14,Nov,11,Nov 2021,202111,4,Q4 2021,20214,2021-11-20 00:00:00,47,W47 2021,202147,2021
2021-11-15 00:00:00,20211115,Mon,2,319,15,Nov,11,Nov 2021,202111,4,Q4 2021,20214,2021-11-20 00:00:00,47,W47 2021,202147,2021
2021-11-16 00:00:00,20211116,Tue,3,320,16,Nov,11,Nov 2021,202111,4,Q4 2021,20214,2021-11-20 00:00:00,47,W47 2021,202147,2021
2021-11-17 00:00:00,20211117,Wed,4,321,17,Nov,11,Nov 2021,202111,4,Q4 2021,20214,2021-11-20 00:00:00,47,W47 2021,202147,2021
2021-11-18 00:00:00,20211118,Thu,5,322,18,Nov,11,Nov 2021,202111,4,Q4 2021,20214,2021-11-20 00:00:00,47,W47 2021,202147,2021
2021-11-19 00:00:00,20211119,Fri,6,323,19,Nov,11,Nov 2021,202111,4,Q4 2021,20214,2021-11-20 00:00:00,47,W47 2021,202147,2021
2021-11-20 00:00:00,20211120,Sat,7,324,20,Nov,11,Nov 2021,202111,4,Q4 2021,20214,2021-11-20 00:00:00,47,W47 2021,202147,2021
2021-11-21 00:00:00,20211121,Sun,1,325,21,Nov,11,Nov 2021,202111,4,Q4 2021,20214,2021-11-27 00:00:00,48,W48 2021,202148,2021
2021-11-22 00:00:00,20211122,Mon,2,326,22,Nov,11,Nov 2021,202111,4,Q4 2021,20214,2021-11-27 00:00:00,48,W48 2021,202148,2021
2021-11-23 00:00:00,20211123,Tue,3,327,23,Nov,11,Nov 2021,202111,4,Q4 2021,20214,2021-11-27 00:00:00,48,W48 2021,202148,2021
2021-11-24 00:00:00,20211124,Wed,4,328,24,Nov,11,Nov 2021,202111,4,Q4 2021,20214,2021-11-27 00:00:00,48,W48 2021,202148,2021
2021-11-25 00:00:00,20211125,Thu,5,329,25,Nov,11,Nov 2021,202111,4,Q4 2021,20214,2021-11-27 00:00:00,48,W48 2021,202148,2021
2021-11-26 00:00:00,20211126,Fri,6,330,26,Nov,11,Nov 2021,202111,4,Q4 2021,20214,2021-11-27 00:00:00,48,W48 2021,202148,2021
2021-11-27 00:00:00,20211127,Sat,7,331,27,Nov,11,Nov 2021,202111,4,Q4 2021,20214,2021-11-27 00:00:00,48,W48 2021,202148,2021
2021-11-28 00:00:00,20211128,Sun,1,332,28,Nov,11,Nov 2021,202111,4,Q4 2021,20214,2021-12-04 00:00:00,49,W49 2021,202149,2021
2021-11-29 00:00:00,20211129,Mon,2,333,29,Nov,11,Nov 2021,202111,4,Q4 2021,20214,2021-12-04 00:00:00,49,W49 2021,202149,2021
2021-11-30 00:00:00,20211130,Tue,3,334,30,Nov,11,Nov 2021,202111,4,Q4 2021,20214,2021-12-04 00:00:00,49,W49 2021,202149,2021
2021-12-01 00:00:00,20211201,Wed,4,335,1,Dec,12,Dec 2021,202112,4,Q4 2021,20214,2021-12-04 00:00:00,49,W49 2021,202149,2021
2021-12-02 00:00:00,20211202,Thu,5,336,2,Dec,12,Dec 2021,202112,4,Q4 2021,20214,2021-12-04 00:00:00,49,W49 2021,202149,2021
2021-12-03 00:00:00,20211203,Fri,6,337,3,Dec,12,Dec 2021,202112,4,Q4 2021,20214,2021-12-04 00:00:00,49,W49 2021,202149,2021
2021-12-04 00:00:00,20211204,Sat,7,338,4,Dec,12,Dec 2021,202112,4,Q4 2021,20214,2021-12-04 00:00:00,49,W49 2021,202149,2021
2021-12-05 00:00:00,20211205,Sun,1,339,5,Dec,12,Dec 2021,202112,4,Q4 2021,20214,2021-12-11 00:00:00,50,W50 2021,202150,2021
2021-12-06 00:00:00,20211206,Mon,2,340,6,Dec,12,Dec 2021,202112,4,Q4 2021,20214,2021-12-11 00:00:00,50,W50 2021,202150,2021
2021-12-07 00:00:00,20211207,Tue,3,341,7,Dec,12,Dec 2021,202112,4,Q4 2021,20214,2021-12-11 00:00:00,50,W50 2021,202150,2021
2021-12-08 00:00:00,20211208,Wed,4,342,8,Dec,12,Dec 2021,202112,4,Q4 2021,20214,2021-12-11 00:00:00,50,W50 2021,202150,2021
2021-12-09 00:00:00,20211209,Thu,5,343,9,Dec,12,Dec 2021,202112,4,Q4 2021,20214,2021-12-11 00:00:00,50,W50 2021,202150,2021
2021-12-10 00:00:00,20211210,Fri,6,344,10,Dec,12,Dec 2021,202112,4,Q4 2021,20214,2021-12-11 00:00:00,50,W50 2021,202150,2021
2021-12-11 00:00:00,20211211,Sat,7,345,11,Dec,12,Dec 2021,202112,4,Q4 2021,20214,2021-12-11 00:00:00,50,W50 2021,202150,2021
2021-12-12 00:00:00,20211212,Sun,1,346,12,Dec,12,Dec 2021,202112,4,Q4 2021,20214,2021-12-18 00:00:00,51,W51 2021,202151,2021
2021-12-13 00:00:00,20211213,Mon,2,347,13,Dec,12,Dec 2021,202112,4,Q4 2021,20214,2021-12-18 00:00:00,51,W51 2021,202151,2021
2021-12-14 00:00:00,20211214,Tue,3,348,14,Dec,12,Dec 2021,202112,4,Q4 2021,20214,2021-12-18 00:00:00,51,W51 2021,202151,2021
2021-12-15 00:00:00,20211215,Wed,4,349,15,Dec,12,Dec 2021,202112,4,Q4 2021,20214,2021-12-18 00:00:00,51,W51 2021,202151,2021
2021-12-16 00:00:00,20211216,Thu,5,350,16,Dec,12,Dec 2021,202112,4,Q4 2021,20214,2021-12-18 00:00:00,51,W51 2021,202151,2021
2021-12-17 00:00:00,20211217,Fri,6,351,17,Dec,12,Dec 2021,202112,4,Q4 2021,20214,2021-12-18 00:00:00,51,W51 2021,202151,2021
2021-12-18 00:00:00,20211218,Sat,7,352,18,Dec,12,Dec 2021,202112,4,Q4 2021,20214,2021-12-18 00:00:00,51,W51 2021,202151,2021
2021-12-19 00:00:00,20211219,Sun,1,353,19,Dec,12,Dec 2021,202112,4,Q4 2021,20214,2021-12-25 00:00:00,52,W52 2021,202152,2021
2021-12-20 00:00:00,20211220,Mon,2,354,20,Dec,12,Dec 2021,202112,4,Q4 2021,20214,2021-12-25 00:00:00,52,W52 2021,202152,2021
2021-12-21 00:00:00,20211221,Tue,3,355,21,Dec,12,Dec 2021,202112,4,Q4 2021,20214,2021-12-25 00:00:00,52,W52 2021,202152,2021
2021-12-22 00:00:00,20211222,Wed,4,356,22,Dec,12,Dec 2021,202112,4,Q4 2021,20214,2021-12-25 00:00:00,52,W52 2021,202152,2021
2021-12-23 00:00:00,20211223,Thu,5,357,23,Dec,12,Dec 2021,202112,4,Q4 2021,20214,2021-12-25 00:00:00,52,W52 2021,202152,2021
2021-12-24 00:00:00,20211224,Fri,6,358,24,Dec,12,Dec 2021,202112,4,Q4 2021,20214,2021-12-25 00:00:00,52,W52 2021,202152,2021
2021-12-25 00:00:00,20211225,Sat,7,359,25,Dec,12,Dec 2021,202112,4,Q4 2021,20214,2021-12-25 00:00:00,52,W52 2021,202152,2021
2021-12-26 00:00:00,20211226,Sun,1,360,26,Dec,12,Dec 2021,202112,4,Q4 2021,20214,2022-01-01 00:00:00,53,W53 2021,202153,2021
2021-12-27 00:00:00,20211227,Mon,2,361,27,Dec,12,Dec 2021,202112,4,Q4 2021,20214,2022-01-01 00:00:00,53,W53 2021,202153,2021
2021-12-28 00:00:00,20211228,Tue,3,362,28,Dec,12,Dec 2021,202112,4,Q4 2021,20214,2022-01-01 00:00:00,53,W53 2021,202153,2021
2021-12-29 00:00:00,20211229,Wed,4,363,29,Dec,12,Dec 2021,202112,4,Q4 2021,20214,2022-01-01 00:00:00,53,W53 2021,202153,2021
2021-12-30 00:00:00,20211230,Thu,5,364,30,Dec,12,Dec 2021,202112,4,Q4 2021,20214,2022-01-01 00:00:00,53,W53 2021,202153,2021
2021-12-31 00:00:00,20211231,Fri,6,365,31,Dec,12,Dec 2021,202112,4,Q4 2021,20214,2022-01-01 00:00:00,53,W53 2021,202153,2021
2022-01-01 00:00:00,20220101,Sat,7,1,1,Jan,1,Jan 2022,202201,1,Q1 2022,20221,2022-01-01 00:00:00,1,W1 2022,202201,2022
2022-01-02 00:00:00,20220102,Sun,1,2,2,Jan,1,Jan 2022,202201,1,Q1 2022,20221,2022-01-08 00:00:00,2,W2 2022,202202,2022
2022-01-03 00:00:00,20220103,Mon,2,3,3,Jan,1,Jan 2022,202201,1,Q1 2022,20221,2022-01-08 00:00:00,2,W2 2022,202202,2022
2022-01-04 00:00:00,20220104,Tue,3,4,4,Jan,1,Jan 2022,202201,1,Q1 2022,20221,2022-01-08 00:00:00,2,W2 2022,202202,2022
2022-01-05 00:00:00,20220105,Wed,4,5,5,Jan,1,Jan 2022,202201,1,Q1 2022,20221,2022-01-08 00:00:00,2,W2 2022,202202,2022
2022-01-06 00:00:00,20220106,Thu,5,6,6,Jan,1,Jan 2022,202201,1,Q1 2022,20221,2022-01-08 00:00:00,2,W2 2022,202202,2022
2022-01-07 00:00:00,20220107,Fri,6,7,7,Jan,1,Jan 2022,202201,1,Q1 2022,20221,2022-01-08 00:00:00,2,W2 2022,202202,2022
2022-01-08 00:00:00,20220108,Sat,7,8,8,Jan,1,Jan 2022,202201,1,Q1 2022,20221,2022-01-08 00:00:00,2,W2 2022,202202,2022
2022-01-09 00:00:00,20220109,Sun,1,9,9,Jan,1,Jan 2022,202201,1,Q1 2022,20221,2022-01-15 00:00:00,3,W3 2022,202203,2022
2022-01-10 00:00:00,20220110,Mon,2,10,10,Jan,1,Jan 2022,202201,1,Q1 2022,20221,2022-01-15 00:00:00,3,W3 2022,202203,2022
2022-01-11 00:00:00,20220111,Tue,3,11,11,Jan,1,Jan 2022,202201,1,Q1 2022,20221,2022-01-15 00:00:00,3,W3 2022,202203,2022
2022-01-12 00:00:00,20220112,Wed,4,12,12,Jan,1,Jan 2022,202201,1,Q1 2022,20221,2022-01-15 00:00:00,3,W3 2022,202203,2022
2022-01-13 00:00:00,20220113,Thu,5,13,13,Jan,1,Jan 2022,202201,1,Q1 2022,20221,2022-01-15 00:00:00,3,W3 2022,202203,2022
2022-01-14 00:00:00,20220114,Fri,6,14,14,Jan,1,Jan 2022,202201,1,Q1 2022,20221,2022-01-15 00:00:00,3,W3 2022,202203,2022
2022-01-15 00:00:00,20220115,Sat,7,15,15,Jan,1,Jan 2022,202201,1,Q1 2022,20221,2022-01-15 00:00:00,3,W3 2022,202203,2022
2022-01-16 00:00:00,20220116,Sun,1,16,16,Jan,1,Jan 2022,202201,1,Q1 2022,20221,2022-01-22 00:00:00,4,W4 2022,202204,2022
2022-01-17 00:00:00,20220117,Mon,2,17,17,Jan,1,Jan 2022,202201,1,Q1 2022,20221,2022-01-22 00:00:00,4,W4 2022,202204,2022
2022-01-18 00:00:00,20220118,Tue,3,18,18,Jan,1,Jan 2022,202201,1,Q1 2022,20221,2022-01-22 00:00:00,4,W4 2022,202204,2022
2022-01-19 00:00:00,20220119,Wed,4,19,19,Jan,1,Jan 2022,202201,1,Q1 2022,20221,2022-01-22 00:00:00,4,W4 2022,202204,2022
2022-01-20 00:00:00,20220120,Thu,5,20,20,Jan,1,Jan 2022,202201,1,Q1 2022,20221,2022-01-22 00:00:00,4,W4 2022,202204,2022
2022-01-21 00:00:00,20220121,Fri,6,21,21,Jan,1,Jan 2022,202201,1,Q1 2022,20221,2022-01-22 00:00:00,4,W4 2022,202204,2022
2022-01-22 00:00:00,20220122,Sat,7,22,22,Jan,1,Jan 2022,202201,1,Q1 2022,20221,2022-01-22 00:00:00,4,W4 2022,202204,2022
2022-01-23 00:00:00,20220123,Sun,1,23,23,Jan,1,Jan 2022,202201,1,Q1 2022,20221,2022-01-29 00:00:00,5,W5 2022,202205,2022
2022-01-24 00:00:00,20220124,Mon,2,24,24,Jan,1,Jan 2022,202201,1,Q1 2022,20221,2022-01-29 00:00:00,5,W5 2022,202205,2022
2022-01-25 00:00:00,20220125,Tue,3,25,25,Jan,1,Jan 2022,202201,1,Q1 2022,20221,2022-01-29 00:00:00,5,W5 2022,202205,2022
2022-01-26 00:00:00,20220126,Wed,4,26,26,Jan,1,Jan 2022,202201,1,Q1 2022,20221,2022-01-29 00:00:00,5,W5 2022,202205,2022
2022-01-27 00:00:00,20220127,Thu,5,27,27,Jan,1,Jan 2022,202201,1,Q1 2022,20221,2022-01-29 00:00:00,5,W5 2022,202205,2022
2022-01-28 00:00:00,20220128,Fri,6,28,28,Jan,1,Jan 2022,202201,1,Q1 2022,20221,2022-01-29 00:00:00,5,W5 2022,202205,2022
2022-01-29 00:00:00,20220129,Sat,7,29,29,Jan,1,Jan 2022,202201,1,Q1 2022,20221,2022-01-29 00:00:00,5,W5 2022,202205,2022
2022-01-30 00:00:00,20220130,Sun,1,30,30,Jan,1,Jan 2022,202201,1,Q1 2022,20221,2022-02-05 00:00:00,6,W6 2022,202206,2022
2022-01-31 00:00:00,20220131,Mon,2,31,31,Jan,1,Jan 2022,202201,1,Q1 2022,20221,2022-02-05 00:00:00,6,W6 2022,202206,2022
2022-02-01 00:00:00,20220201,Tue,3,32,1,Feb,2,Feb 2022,202202,1,Q1 2022,20221,2022-02-05 00:00:00,6,W6 2022,202206,2022
2022-02-02 00:00:00,20220202,Wed,4,33,2,Feb,2,Feb 2022,202202,1,Q1 2022,20221,2022-02-05 00:00:00,6,W6 2022,202206,2022
2022-02-03 00:00:00,20220203,Thu,5,34,3,Feb,2,Feb 2022,202202,1,Q1 2022,20221,2022-02-05 00:00:00,6,W6 2022,202206,2022
2022-02-04 00:00:00,20220204,Fri,6,35,4,Feb,2,Feb 2022,202202,1,Q1 2022,20221,2022-02-05 00:00:00,6,W6 2022,202206,2022
2022-02-05 00:00:00,20220205,Sat,7,36,5,Feb,2,Feb 2022,202202,1,Q1 2022,20221,2022-02-05 00:00:00,6,W6 2022,202206,2022
2022-02-06 00:00:00,20220206,Sun,1,37,6,Feb,2,Feb 2022,202202,1,Q1 2022,20221,2022-02-12 00:00:00,7,W7 2022,202207,2022
2022-02-07 00:00:00,20220207,Mon,2,38,7,Feb,2,Feb 2022,202202,1,Q1 2022,20221,2022-02-12 00:00:00,7,W7 2022,202207,2022
2022-02-08 00:00:00,20220208,Tue,3,39,8,Feb,2,Feb 2022,202202,1,Q1 2022,20221,2022-02-12 00:00:00,7,W7 2022,202207,2022
2022-02-09 00:00:00,20220209,Wed,4,40,9,Feb,2,Feb 2022,202202,1,Q1 2022,20221,2022-02-12 00:00:00,7,W7 2022,202207,2022
2022-02-10 00:00:00,20220210,Thu,5,41,10,Feb,2,Feb 2022,202202,1,Q1 2022,20221,2022-02-12 00:00:00,7,W7 2022,202207,2022
2022-02-11 00:00:00,20220211,Fri,6,42,11,Feb,2,Feb 2022,202202,1,Q1 2022,20221,2022-02-12 00:00:00,7,W7 2022,202207,2022
2022-02-12 00:00:00,20220212,Sat,7,43,12,Feb,2,Feb 2022,202202,1,Q1 2022,20221,2022-02-12 00:00:00,7,W7 2022,202207,2022
2022-02-13 00:00:00,20220213,Sun,1,44,13,Feb,2,Feb 2022,202202,1,Q1 2022,20221,2022-02-19 00:00:00,8,W8 2022,202208,2022
2022-02-14 00:00:00,20220214,Mon,2,45,14,Feb,2,Feb 2022,202202,1,Q1 2022,20221,2022-02-19 00:00:00,8,W8 2022,202208,2022
2022-02-15 00:00:00,20220215,Tue,3,46,15,Feb,2,Feb 2022,202202,1,Q1 2022,20221,2022-02-19 00:00:00,8,W8 2022,202208,2022
2022-02-16 00:00:00,20220216,Wed,4,47,16,Feb,2,Feb 2022,202202,1,Q1 2022,20221,2022-02-19 00:00:00,8,W8 2022,202208,2022
2022-02-17 00:00:00,20220217,Thu,5,48,17,Feb,2,Feb 2022,202202,1,Q1 2022,20221,2022-02-19 00:00:00,8,W8 2022,202208,2022
2022-02-18 00:00:00,20220218,Fri,6,49,18,Feb,2,Feb 2022,202202,1,Q1 2022,20221,2022-02-19 00:00:00,8,W8 2022,202208,2022
2022-02-19 00:00:00,20220219,Sat,7,50,19,Feb,2,Feb 2022,202202,1,Q1 2022,20221,2022-02-19 00:00:00,8,W8 2022,202208,2022
2022-02-20 00:00:00,20220220,Sun,1,51,20,Feb,2,Feb 2022,202202,1,Q1 2022,20221,2022-02-26 00:00:00,9,W9 2022,202209,2022
2022-02-21 00:00:00,20220221,Mon,2,52,21,Feb,2,Feb 2022,202202,1,Q1 2022,20221,2022-02-26 00:00:00,9,W9 2022,202209,2022
2022-02-22 00:00:00,20220222,Tue,3,53,22,Feb,2,Feb 2022,202202,1,Q1 2022,20221,2022-02-26 00:00:00,9,W9 2022,202209,2022
2022-02-23 00:00:00,20220223,Wed,4,54,23,Feb,2,Feb 2022,202202,1,Q1 2022,20221,2022-02-26 00:00:00,9,W9 2022,202209,2022
2022-02-24 00:00:00,20220224,Thu,5,55,24,Feb,2,Feb 2022,202202,1,Q1 2022,20221,2022-02-26 00:00:00,9,W9 2022,202209,2022
2022-02-25 00:00:00,20220225,Fri,6,56,25,Feb,2,Feb 2022,202202,1,Q1 2022,20221,2022-02-26 00:00:00,9,W9 2022,202209,2022
2022-02-26 00:00:00,20220226,Sat,7,57,26,Feb,2,Feb 2022,202202,1,Q1 2022,20221,2022-02-26 00:00:00,9,W9 2022,202209,2022
2022-02-27 00:00:00,20220227,Sun,1,58,27,Feb,2,Feb 2022,202202,1,Q1 2022,20221,2022-03-05 00:00:00,10,W10 2022,202210,2022
2022-02-28 00:00:00,20220228,Mon,2,59,28,Feb,2,Feb 2022,202202,1,Q1 2022,20221,2022-03-05 00:00:00,10,W10 2022,202210,2022
2022-03-01 00:00:00,20220301,Tue,3,60,1,Mar,3,Mar 2022,202203,1,Q1 2022,20221,2022-03-05 00:00:00,10,W10 2022,202210,2022
2022-03-02 00:00:00,20220302,Wed,4,61,2,Mar,3,Mar 2022,202203,1,Q1 2022,20221,2022-03-05 00:00:00,10,W10 2022,202210,2022
2022-03-03 00:00:00,20220303,Thu,5,62,3,Mar,3,Mar 2022,202203,1,Q1 2022,20221,2022-03-05 00:00:00,10,W10 2022,202210,2022
2022-03-04 00:00:00,20220304,Fri,6,63,4,Mar,3,Mar 2022,202203,1,Q1 2022,20221,2022-03-05 00:00:00,10,W10 2022,202210,2022
2022-03-05 00:00:00,20220305,Sat,7,64,5,Mar,3,Mar 2022,202203,1,Q1 2022,20221,2022-03-05 00:00:00,10,W10 2022,202210,2022
2022-03-06 00:00:00,20220306,Sun,1,65,6,Mar,3,Mar 2022,202203,1,Q1 2022,20221,2022-03-12 00:00:00,11,W11 2022,202211,2022
2022-03-07 00:00:00,20220307,Mon,2,66,7,Mar,3,Mar 2022,202203,1,Q1 2022,20221,2022-03-12 00:00:00,11,W11 2022,202211,2022
2022-03-08 00:00:00,20220308,Tue,3,67,8,Mar,3,Mar 2022,202203,1,Q1 2022,20221,2022-03-12 00:00:00,11,W11 2022,202211,2022
2022-03-09 00:00:00,20220309,Wed,4,68,9,Mar,3,Mar 2022,202203,1,Q1 2022,20221,2022-03-12 00:00:00,11,W11 2022,202211,2022
2022-03-10 00:00:00,20220310,Thu,5,69,10,Mar,3,Mar 2022,202203,1,Q1 2022,20221,2022-03-12 00:00:00,11,W11 2022,202211,2022
2022-03-11 00:00:00,20220311,Fri,6,70,11,Mar,3,Mar 2022,202203,1,Q1 2022,20221,2022-03-12 00:00:00,11,W11 2022,202211,2022
2022-03-12 00:00:00,20220312,Sat,7,71,12,Mar,3,Mar 2022,202203,1,Q1 2022,20221,2022-03-12 00:00:00,11,W11 2022,202211,2022
2022-03-13 00:00:00,20220313,Sun,1,72,13,Mar,3,Mar 2022,202203,1,Q1 2022,20221,2022-03-19 00:00:00,12,W12 2022,202212,2022
2022-03-14 00:00:00,20220314,Mon,2,73,14,Mar,3,Mar 2022,202203,1,Q1 2022,20221,2022-03-19 00:00:00,12,W12 2022,202212,2022
2022-03-15 00:00:00,20220315,Tue,3,74,15,Mar,3,Mar 2022,202203,1,Q1 2022,20221,2022-03-19 00:00:00,12,W12 2022,202212,2022
2022-03-16 00:00:00,20220316,Wed,4,75,16,Mar,3,Mar 2022,202203,1,Q1 2022,20221,2022-03-19 00:00:00,12,W12 2022,202212,2022
2022-03-17 00:00:00,20220317,Thu,5,76,17,Mar,3,Mar 2022,202203,1,Q1 2022,20221,2022-03-19 00:00:00,12,W12 2022,202212,2022
2022-03-18 00:00:00,20220318,Fri,6,77,18,Mar,3,Mar 2022,202203,1,Q1 2022,20221,2022-03-19 00:00:00,12,W12 2022,202212,2022
2022-03-19 00:00:00,20220319,Sat,7,78,19,Mar,3,Mar 2022,202203,1,Q1 2022,20221,2022-03-19 00:00:00,12,W12 2022,202212,2022
2022-03-20 00:00:00,20220320,Sun,1,79,20,Mar,3,Mar 2022,202203,1,Q1 2022,20221,2022-03-26 00:00:00,13,W13 2022,202213,2022
2022-03-21 00:00:00,20220321,Mon,2,80,21,Mar,3,Mar 2022,202203,1,Q1 2022,20221,2022-03-26 00:00:00,13,W13 2022,202213,2022
2022-03-22 00:00:00,20220322,Tue,3,81,22,Mar,3,Mar 2022,202203,1,Q1 2022,20221,2022-03-26 00:00:00,13,W13 2022,202213,2022
2022-03-23 00:00:00,20220323,Wed,4,82,23,Mar,3,Mar 2022,202203,1,Q1 2022,20221,2022-03-26 00:00:00,13,W13 2022,202213,2022
2022-03-24 00:00:00,20220324,Thu,5,83,24,Mar,3,Mar 2022,202203,1,Q1 2022,20221,2022-03-26 00:00:00,13,W13 2022,202213,2022
2022-03-25 00:00:00,20220325,Fri,6,84,25,Mar,3,Mar 2022,202203,1,Q1 2022,20221,2022-03-26 00:00:00,13,W13 2022,202213,2022
2022-03-26 00:00:00,20220326,Sat,7,85,26,Mar,3,Mar 2022,202203,1,Q1 2022,20221,2022-03-26 00:00:00,13,W13 2022,202213,2022
2022-03-27 00:00:00,20220327,Sun,1,86,27,Mar,3,Mar 2022,202203,1,Q1 2022,20221,2022-04-02 00:00:00,14,W14 2022,202214,2022
2022-03-28 00:00:00,20220328,Mon,2,87,28,Mar,3,Mar 2022,202203,1,Q1 2022,20221,2022-04-02 00:00:00,14,W14 2022,202214,2022
2022-03-29 00:00:00,20220329,Tue,3,88,29,Mar,3,Mar 2022,202203,1,Q1 2022,20221,2022-04-02 00:00:00,14,W14 2022,202214,2022
2022-03-30 00:00:00,20220330,Wed,4,89,30,Mar,3,Mar 2022,202203,1,Q1 2022,20221,2022-04-02 00:00:00,14,W14 2022,202214,2022
2022-03-31 00:00:00,20220331,Thu,5,90,31,Mar,3,Mar 2022,202203,1,Q1 2022,20221,2022-04-02 00:00:00,14,W14 2022,202214,2022
2022-04-01 00:00:00,20220401,Fri,6,91,1,Apr,4,Apr 2022,202204,2,Q2 2022,20222,2022-04-02 00:00:00,14,W14 2022,202214,2022
2022-04-02 00:00:00,20220402,Sat,7,92,2,Apr,4,Apr 2022,202204,2,Q2 2022,20222,2022-04-02 00:00:00,14,W14 2022,202214,2022
2022-04-03 00:00:00,20220403,Sun,1,93,3,Apr,4,Apr 2022,202204,2,Q2 2022,20222,2022-04-09 00:00:00,15,W15 2022,202215,2022
2022-04-04 00:00:00,20220404,Mon,2,94,4,Apr,4,Apr 2022,202204,2,Q2 2022,20222,2022-04-09 00:00:00,15,W15 2022,202215,2022
2022-04-05 00:00:00,20220405,Tue,3,95,5,Apr,4,Apr 2022,202204,2,Q2 2022,20222,2022-04-09 00:00:00,15,W15 2022,202215,2022
2022-04-06 00:00:00,20220406,Wed,4,96,6,Apr,4,Apr 2022,202204,2,Q2 2022,20222,2022-04-09 00:00:00,15,W15 2022,202215,2022
2022-04-07 00:00:00,20220407,Thu,5,97,7,Apr,4,Apr 2022,202204,2,Q2 2022,20222,2022-04-09 00:00:00,15,W15 2022,202215,2022
2022-04-08 00:00:00,20220408,Fri,6,98,8,Apr,4,Apr 2022,202204,2,Q2 2022,20222,2022-04-09 00:00:00,15,W15 2022,202215,2022
2022-04-09 00:00:00,20220409,Sat,7,99,9,Apr,4,Apr 2022,202204,2,Q2 2022,20222,2022-04-09 00:00:00,15,W15 2022,202215,2022
2022-04-10 00:00:00,20220410,Sun,1,100,10,Apr,4,Apr 2022,202204,2,Q2 2022,20222,2022-04-16 00:00:00,16,W16 2022,202216,2022
2022-04-11 00:00:00,20220411,Mon,2,101,11,Apr,4,Apr 2022,202204,2,Q2 2022,20222,2022-04-16 00:00:00,16,W16 2022,202216,2022
2022-04-12 00:00:00,20220412,Tue,3,102,12,Apr,4,Apr 2022,202204,2,Q2 2022,20222,2022-04-16 00:00:00,16,W16 2022,202216,2022
2022-04-13 00:00:00,20220413,Wed,4,103,13,Apr,4,Apr 2022,202204,2,Q2 2022,20222,2022-04-16 00:00:00,16,W16 2022,202216,2022
2022-04-14 00:00:00,20220414,Thu,5,104,14,Apr,4,Apr 2022,202204,2,Q2 2022,20222,2022-04-16 00:00:00,16,W16 2022,202216,2022
2022-04-15 00:00:00,20220415,Fri,6,105,15,Apr,4,Apr 2022,202204,2,Q2 2022,20222,2022-04-16 00:00:00,16,W16 2022,202216,2022
2022-04-16 00:00:00,20220416,Sat,7,106,16,Apr,4,Apr 2022,202204,2,Q2 2022,20222,2022-04-16 00:00:00,16,W16 2022,202216,2022
2022-04-17 00:00:00,20220417,Sun,1,107,17,Apr,4,Apr 2022,202204,2,Q2 2022,20222,2022-04-23 00:00:00,17,W17 2022,202217,2022
2022-04-18 00:00:00,20220418,Mon,2,108,18,Apr,4,Apr 2022,202204,2,Q2 2022,20222,2022-04-23 00:00:00,17,W17 2022,202217,2022
2022-04-19 00:00:00,20220419,Tue,3,109,19,Apr,4,Apr 2022,202204,2,Q2 2022,20222,2022-04-23 00:00:00,17,W17 2022,202217,2022
2022-04-20 00:00:00,20220420,Wed,4,110,20,Apr,4,Apr 2022,202204,2,Q2 2022,20222,2022-04-23 00:00:00,17,W17 2022,202217,2022
2022-04-21 00:00:00,20220421,Thu,5,111,21,Apr,4,Apr 2022,202204,2,Q2 2022,20222,2022-04-23 00:00:00,17,W17 2022,202217,2022
2022-04-22 00:00:00,20220422,Fri,6,112,22,Apr,4,Apr 2022,202204,2,Q2 2022,20222,2022-04-23 00:00:00,17,W17 2022,202217,2022
2022-04-23 00:00:00,20220423,Sat,7,113,23,Apr,4,Apr 2022,202204,2,Q2 2022,20222,2022-04-23 00:00:00,17,W17 2022,202217,2022
2022-04-24 00:00:00,20220424,Sun,1,114,24,Apr,4,Apr 2022,202204,2,Q2 2022,20222,2022-04-30 00:00:00,18,W18 2022,202218,2022
2022-04-25 00:00:00,20220425,Mon,2,115,25,Apr,4,Apr 2022,202204,2,Q2 2022,20222,2022-04-30 00:00:00,18,W18 2022,202218,2022
2022-04-26 00:00:00,20220426,Tue,3,116,26,Apr,4,Apr 2022,202204,2,Q2 2022,20222,2022-04-30 00:00:00,18,W18 2022,202218,2022
2022-04-27 00:00:00,20220427,Wed,4,117,27,Apr,4,Apr 2022,202204,2,Q2 2022,20222,2022-04-30 00:00:00,18,W18 2022,202218,2022
2022-04-28 00:00:00,20220428,Thu,5,118,28,Apr,4,Apr 2022,202204,2,Q2 2022,20222,2022-04-30 00:00:00,18,W18 2022,202218,2022
2022-04-29 00:00:00,20220429,Fri,6,119,29,Apr,4,Apr 2022,202204,2,Q2 2022,20222,2022-04-30 00:00:00,18,W18 2022,202218,2022
2022-04-30 00:00:00,20220430,Sat,7,120,30,Apr,4,Apr 2022,202204,2,Q2 2022,20222,2022-04-30 00:00:00,18,W18 2022,202218,2022
2022-05-01 00:00:00,20220501,Sun,1,121,1,May,5,May 2022,202205,2,Q2 2022,20222,2022-05-07 00:00:00,19,W19 2022,202219,2022
2022-05-02 00:00:00,20220502,Mon,2,122,2,May,5,May 2022,202205,2,Q2 2022,20222,2022-05-07 00:00:00,19,W19 2022,202219,2022
2022-05-03 00:00:00,20220503,Tue,3,123,3,May,5,May 2022,202205,2,Q2 2022,20222,2022-05-07 00:00:00,19,W19 2022,202219,2022
2022-05-04 00:00:00,20220504,Wed,4,124,4,May,5,May 2022,202205,2,Q2 2022,20222,2022-05-07 00:00:00,19,W19 2022,202219,2022
2022-05-05 00:00:00,20220505,Thu,5,125,5,May,5,May 2022,202205,2,Q2 2022,20222,2022-05-07 00:00:00,19,W19 2022,202219,2022
2022-05-06 00:00:00,20220506,Fri,6,126,6,May,5,May 2022,202205,2,Q2 2022,20222,2022-05-07 00:00:00,19,W19 2022,202219,2022
2022-05-07 00:00:00,20220507,Sat,7,127,7,May,5,May 2022,202205,2,Q2 2022,20222,2022-05-07 00:00:00,19,W19 2022,202219,2022
2022-05-08 00:00:00,20220508,Sun,1,128,8,May,5,May 2022,202205,2,Q2 2022,20222,2022-05-14 00:00:00,20,W20 2022,202220,2022
2022-05-09 00:00:00,20220509,Mon,2,129,9,May,5,May 2022,202205,2,Q2 2022,20222,2022-05-14 00:00:00,20,W20 2022,202220,2022
2022-05-10 00:00:00,20220510,Tue,3,130,10,May,5,May 2022,202205,2,Q2 2022,20222,2022-05-14 00:00:00,20,W20 2022,202220,2022
2022-05-11 00:00:00,20220511,Wed,4,131,11,May,5,May 2022,202205,2,Q2 2022,20222,2022-05-14 00:00:00,20,W20 2022,202220,2022
2022-05-12 00:00:00,20220512,Thu,5,132,12,May,5,May 2022,202205,2,Q2 2022,20222,2022-05-14 00:00:00,20,W20 2022,202220,2022
2022-05-13 00:00:00,20220513,Fri,6,133,13,May,5,May 2022,202205,2,Q2 2022,20222,2022-05-14 00:00:00,20,W20 2022,202220,2022
2022-05-14 00:00:00,20220514,Sat,7,134,14,May,5,May 2022,202205,2,Q2 2022,20222,2022-05-14 00:00:00,20,W20 2022,202220,2022
2022-05-15 00:00:00,20220515,Sun,1,135,15,May,5,May 2022,202205,2,Q2 2022,20222,2022-05-21 00:00:00,21,W21 2022,202221,2022
2022-05-16 00:00:00,20220516,Mon,2,136,16,May,5,May 2022,202205,2,Q2 2022,20222,2022-05-21 00:00:00,21,W21 2022,202221,2022
2022-05-17 00:00:00,20220517,Tue,3,137,17,May,5,May 2022,202205,2,Q2 2022,20222,2022-05-21 00:00:00,21,W21 2022,202221,2022
2022-05-18 00:00:00,20220518,Wed,4,138,18,May,5,May 2022,202205,2,Q2 2022,20222,2022-05-21 00:00:00,21,W21 2022,202221,2022
2022-05-19 00:00:00,20220519,Thu,5,139,19,May,5,May 2022,202205,2,Q2 2022,20222,2022-05-21 00:00:00,21,W21 2022,202221,2022
2022-05-20 00:00:00,20220520,Fri,6,140,20,May,5,May 2022,202205,2,Q2 2022,20222,2022-05-21 00:00:00,21,W21 2022,202221,2022
2022-05-21 00:00:00,20220521,Sat,7,141,21,May,5,May 2022,202205,2,Q2 2022,20222,2022-05-21 00:00:00,21,W21 2022,202221,2022
2022-05-22 00:00:00,20220522,Sun,1,142,22,May,5,May 2022,202205,2,Q2 2022,20222,2022-05-28 00:00:00,22,W22 2022,202222,2022
2022-05-23 00:00:00,20220523,Mon,2,143,23,May,5,May 2022,202205,2,Q2 2022,20222,2022-05-28 00:00:00,22,W22 2022,202222,2022
2022-05-24 00:00:00,20220524,Tue,3,144,24,May,5,May 2022,202205,2,Q2 2022,20222,2022-05-28 00:00:00,22,W22 2022,202222,2022
2022-05-25 00:00:00,20220525,Wed,4,145,25,May,5,May 2022,202205,2,Q2 2022,20222,2022-05-28 00:00:00,22,W22 2022,202222,2022
2022-05-26 00:00:00,20220526,Thu,5,146,26,May,5,May 2022,202205,2,Q2 2022,20222,2022-05-28 00:00:00,22,W22 2022,202222,2022
2022-05-27 00:00:00,20220527,Fri,6,147,27,May,5,May 2022,202205,2,Q2 2022,20222,2022-05-28 00:00:00,22,W22 2022,202222,2022
2022-05-28 00:00:00,20220528,Sat,7,148,28,May,5,May 2022,202205,2,Q2 2022,20222,2022-05-28 00:00:00,22,W22 2022,202222,2022
2022-05-29 00:00:00,20220529,Sun,1,149,29,May,5,May 2022,202205,2,Q2 2022,20222,2022-06-04 00:00:00,23,W23 2022,202223,2022
2022-05-30 00:00:00,20220530,Mon,2,150,30,May,5,May 2022,202205,2,Q2 2022,20222,2022-06-04 00:00:00,23,W23 2022,202223,2022
2022-05-31 00:00:00,20220531,Tue,3,151,31,May,5,May 2022,202205,2,Q2 2022,20222,2022-06-04 00:00:00,23,W23 2022,202223,2022
2022-06-01 00:00:00,20220601,Wed,4,152,1,Jun,6,Jun 2022,202206,2,Q2 2022,20222,2022-06-04 00:00:00,23,W23 2022,202223,2022
2022-06-02 00:00:00,20220602,Thu,5,153,2,Jun,6,Jun 2022,202206,2,Q2 2022,20222,2022-06-04 00:00:00,23,W23 2022,202223,2022
2022-06-03 00:00:00,20220603,Fri,6,154,3,Jun,6,Jun 2022,202206,2,Q2 2022,20222,2022-06-04 00:00:00,23,W23 2022,202223,2022
2022-06-04 00:00:00,20220604,Sat,7,155,4,Jun,6,Jun 2022,202206,2,Q2 2022,20222,2022-06-04 00:00:00,23,W23 2022,202223,2022
2022-06-05 00:00:00,20220605,Sun,1,156,5,Jun,6,Jun 2022,202206,2,Q2 2022,20222,2022-06-11 00:00:00,24,W24 2022,202224,2022
2022-06-06 00:00:00,20220606,Mon,2,157,6,Jun,6,Jun 2022,202206,2,Q2 2022,20222,2022-06-11 00:00:00,24,W24 2022,202224,2022
2022-06-07 00:00:00,20220607,Tue,3,158,7,Jun,6,Jun 2022,202206,2,Q2 2022,20222,2022-06-11 00:00:00,24,W24 2022,202224,2022
2022-06-08 00:00:00,20220608,Wed,4,159,8,Jun,6,Jun 2022,202206,2,Q2 2022,20222,2022-06-11 00:00:00,24,W24 2022,202224,2022
2022-06-09 00:00:00,20220609,Thu,5,160,9,Jun,6,Jun 2022,202206,2,Q2 2022,20222,2022-06-11 00:00:00,24,W24 2022,202224,2022
2022-06-10 00:00:00,20220610,Fri,6,161,10,Jun,6,Jun 2022,202206,2,Q2 2022,20222,2022-06-11 00:00:00,24,W24 2022,202224,2022
2022-06-11 00:00:00,20220611,Sat,7,162,11,Jun,6,Jun 2022,202206,2,Q2 2022,20222,2022-06-11 00:00:00,24,W24 2022,202224,2022
2022-06-12 00:00:00,20220612,Sun,1,163,12,Jun,6,Jun 2022,202206,2,Q2 2022,20222,2022-06-18 00:00:00,25,W25 2022,202225,2022
2022-06-13 00:00:00,20220613,Mon,2,164,13,Jun,6,Jun 2022,202206,2,Q2 2022,20222,2022-06-18 00:00:00,25,W25 2022,202225,2022
2022-06-14 00:00:00,20220614,Tue,3,165,14,Jun,6,Jun 2022,202206,2,Q2 2022,20222,2022-06-18 00:00:00,25,W25 2022,202225,2022
2022-06-15 00:00:00,20220615,Wed,4,166,15,Jun,6,Jun 2022,202206,2,Q2 2022,20222,2022-06-18 00:00:00,25,W25 2022,202225,2022
2022-06-16 00:00:00,20220616,Thu,5,167,16,Jun,6,Jun 2022,202206,2,Q2 2022,20222,2022-06-18 00:00:00,25,W25 2022,202225,2022
2022-06-17 00:00:00,20220617,Fri,6,168,17,Jun,6,Jun 2022,202206,2,Q2 2022,20222,2022-06-18 00:00:00,25,W25 2022,202225,2022
2022-06-18 00:00:00,20220618,Sat,7,169,18,Jun,6,Jun 2022,202206,2,Q2 2022,20222,2022-06-18 00:00:00,25,W25 2022,202225,2022
2022-06-19 00:00:00,20220619,Sun,1,170,19,Jun,6,Jun 2022,202206,2,Q2 2022,20222,2022-06-25 00:00:00,26,W26 2022,202226,2022
2022-06-20 00:00:00,20220620,Mon,2,171,20,Jun,6,Jun 2022,202206,2,Q2 2022,20222,2022-06-25 00:00:00,26,W26 2022,202226,2022
2022-06-21 00:00:00,20220621,Tue,3,172,21,Jun,6,Jun 2022,202206,2,Q2 2022,20222,2022-06-25 00:00:00,26,W26 2022,202226,2022
2022-06-22 00:00:00,20220622,Wed,4,173,22,Jun,6,Jun 2022,202206,2,Q2 2022,20222,2022-06-25 00:00:00,26,W26 2022,202226,2022
2022-06-23 00:00:00,20220623,Thu,5,174,23,Jun,6,Jun 2022,202206,2,Q2 2022,20222,2022-06-25 00:00:00,26,W26 2022,202226,2022
2022-06-24 00:00:00,20220624,Fri,6,175,24,Jun,6,Jun 2022,202206,2,Q2 2022,20222,2022-06-25 00:00:00,26,W26 2022,202226,2022
2022-06-25 00:00:00,20220625,Sat,7,176,25,Jun,6,Jun 2022,202206,2,Q2 2022,20222,2022-06-25 00:00:00,26,W26 2022,202226,2022
2022-06-26 00:00:00,20220626,Sun,1,177,26,Jun,6,Jun 2022,202206,2,Q2 2022,20222,2022-07-02 00:00:00,27,W27 2022,202227,2022
2022-06-27 00:00:00,20220627,Mon,2,178,27,Jun,6,Jun 2022,202206,2,Q2 2022,20222,2022-07-02 00:00:00,27,W27 2022,202227,2022
2022-06-28 00:00:00,20220628,Tue,3,179,28,Jun,6,Jun 2022,202206,2,Q2 2022,20222,2022-07-02 00:00:00,27,W27 2022,202227,2022
2022-06-29 00:00:00,20220629,Wed,4,180,29,Jun,6,Jun 2022,202206,2,Q2 2022,20222,2022-07-02 00:00:00,27,W27 2022,202227,2022
2022-06-30 00:00:00,20220630,Thu,5,181,30,Jun,6,Jun 2022,202206,2,Q2 2022,20222,2022-07-02 00:00:00,27,W27 2022,202227,2022
2022-07-01 00:00:00,20220701,Fri,6,182,1,Jul,7,Jul 2022,202207,3,Q3 2022,20223,2022-07-02 00:00:00,27,W27 2022,202227,2022
2022-07-02 00:00:00,20220702,Sat,7,183,2,Jul,7,Jul 2022,202207,3,Q3 2022,20223,2022-07-02 00:00:00,27,W27 2022,202227,2022
2022-07-03 00:00:00,20220703,Sun,1,184,3,Jul,7,Jul 2022,202207,3,Q3 2022,20223,2022-07-09 00:00:00,28,W28 2022,202228,2022
2022-07-04 00:00:00,20220704,Mon,2,185,4,Jul,7,Jul 2022,202207,3,Q3 2022,20223,2022-07-09 00:00:00,28,W28 2022,202228,2022
2022-07-05 00:00:00,20220705,Tue,3,186,5,Jul,7,Jul 2022,202207,3,Q3 2022,20223,2022-07-09 00:00:00,28,W28 2022,202228,2022
2022-07-06 00:00:00,20220706,Wed,4,187,6,Jul,7,Jul 2022,202207,3,Q3 2022,20223,2022-07-09 00:00:00,28,W28 2022,202228,2022
2022-07-07 00:00:00,20220707,Thu,5,188,7,Jul,7,Jul 2022,202207,3,Q3 2022,20223,2022-07-09 00:00:00,28,W28 2022,202228,2022
2022-07-08 00:00:00,20220708,Fri,6,189,8,Jul,7,Jul 2022,202207,3,Q3 2022,20223,2022-07-09 00:00:00,28,W28 2022,202228,2022
2022-07-09 00:00:00,20220709,Sat,7,190,9,Jul,7,Jul 2022,202207,3,Q3 2022,20223,2022-07-09 00:00:00,28,W28 2022,202228,2022
2022-07-10 00:00:00,20220710,Sun,1,191,10,Jul,7,Jul 2022,202207,3,Q3 2022,20223,2022-07-16 00:00:00,29,W29 2022,202229,2022
2022-07-11 00:00:00,20220711,Mon,2,192,11,Jul,7,Jul 2022,202207,3,Q3 2022,20223,2022-07-16 00:00:00,29,W29 2022,202229,2022
2022-07-12 00:00:00,20220712,Tue,3,193,12,Jul,7,Jul 2022,202207,3,Q3 2022,20223,2022-07-16 00:00:00,29,W29 2022,202229,2022
2022-07-13 00:00:00,20220713,Wed,4,194,13,Jul,7,Jul 2022,202207,3,Q3 2022,20223,2022-07-16 00:00:00,29,W29 2022,202229,2022
2022-07-14 00:00:00,20220714,Thu,5,195,14,Jul,7,Jul 2022,202207,3,Q3 2022,20223,2022-07-16 00:00:00,29,W29 2022,202229,2022
2022-07-15 00:00:00,20220715,Fri,6,196,15,Jul,7,Jul 2022,202207,3,Q3 2022,20223,2022-07-16 00:00:00,29,W29 2022,202229,2022
2022-07-16 00:00:00,20220716,Sat,7,197,16,Jul,7,Jul 2022,202207,3,Q3 2022,20223,2022-07-16 00:00:00,29,W29 2022,202229,2022
2022-07-17 00:00:00,20220717,Sun,1,198,17,Jul,7,Jul 2022,202207,3,Q3 2022,20223,2022-07-23 00:00:00,30,W30 2022,202230,2022
2022-07-18 00:00:00,20220718,Mon,2,199,18,Jul,7,Jul 2022,202207,3,Q3 2022,20223,2022-07-23 00:00:00,30,W30 2022,202230,2022
2022-07-19 00:00:00,20220719,Tue,3,200,19,Jul,7,Jul 2022,202207,3,Q3 2022,20223,2022-07-23 00:00:00,30,W30 2022,202230,2022
2022-07-20 00:00:00,20220720,Wed,4,201,20,Jul,7,Jul 2022,202207,3,Q3 2022,20223,2022-07-23 00:00:00,30,W30 2022,202230,2022
2022-07-21 00:00:00,20220721,Thu,5,202,21,Jul,7,Jul 2022,202207,3,Q3 2022,20223,2022-07-23 00:00:00,30,W30 2022,202230,2022
2022-07-22 00:00:00,20220722,Fri,6,203,22,Jul,7,Jul 2022,202207,3,Q3 2022,20223,2022-07-23 00:00:00,30,W30 2022,202230,2022
2022-07-23 00:00:00,20220723,Sat,7,204,23,Jul,7,Jul 2022,202207,3,Q3 2022,20223,2022-07-23 00:00:00,30,W30 2022,202230,2022
2022-07-24 00:00:00,20220724,Sun,1,205,24,Jul,7,Jul 2022,202207,3,Q3 2022,20223,2022-07-30 00:00:00,31,W31 2022,202231,2022
2022-07-25 00:00:00,20220725,Mon,2,206,25,Jul,7,Jul 2022,202207,3,Q3 2022,20223,2022-07-30 00:00:00,31,W31 2022,202231,2022
2022-07-26 00:00:00,20220726,Tue,3,207,26,Jul,7,Jul 2022,202207,3,Q3 2022,20223,2022-07-30 00:00:00,31,W31 2022,202231,2022
2022-07-27 00:00:00,20220727,Wed,4,208,27,Jul,7,Jul 2022,202207,3,Q3 2022,20223,2022-07-30 00:00:00,31,W31 2022,202231,2022
2022-07-28 00:00:00,20220728,Thu,5,209,28,Jul,7,Jul 2022,202207,3,Q3 2022,20223,2022-07-30 00:00:00,31,W31 2022,202231,2022
2022-07-29 00:00:00,20220729,Fri,6,210,29,Jul,7,Jul 2022,202207,3,Q3 2022,20223,2022-07-30 00:00:00,31,W31 2022,202231,2022
2022-07-30 00:00:00,20220730,Sat,7,211,30,Jul,7,Jul 2022,202207,3,Q3 2022,20223,2022-07-30 00:00:00,31,W31 2022,202231,2022
2022-07-31 00:00:00,20220731,Sun,1,212,31,Jul,7,Jul 2022,202207,3,Q3 2022,20223,2022-08-06 00:00:00,32,W32 2022,202232,2022
2022-08-01 00:00:00,20220801,Mon,2,213,1,Aug,8,Aug 2022,202208,3,Q3 2022,20223,2022-08-06 00:00:00,32,W32 2022,202232,2022
2022-08-02 00:00:00,20220802,Tue,3,214,2,Aug,8,Aug 2022,202208,3,Q3 2022,20223,2022-08-06 00:00:00,32,W32 2022,202232,2022
2022-08-03 00:00:00,20220803,Wed,4,215,3,Aug,8,Aug 2022,202208,3,Q3 2022,20223,2022-08-06 00:00:00,32,W32 2022,202232,2022
2022-08-04 00:00:00,20220804,Thu,5,216,4,Aug,8,Aug 2022,202208,3,Q3 2022,20223,2022-08-06 00:00:00,32,W32 2022,202232,2022
2022-08-05 00:00:00,20220805,Fri,6,217,5,Aug,8,Aug 2022,202208,3,Q3 2022,20223,2022-08-06 00:00:00,32,W32 2022,202232,2022
2022-08-06 00:00:00,20220806,Sat,7,218,6,Aug,8,Aug 2022,202208,3,Q3 2022,20223,2022-08-06 00:00:00,32,W32 2022,202232,2022
2022-08-07 00:00:00,20220807,Sun,1,219,7,Aug,8,Aug 2022,202208,3,Q3 2022,20223,2022-08-13 00:00:00,33,W33 2022,202233,2022
2022-08-08 00:00:00,20220808,Mon,2,220,8,Aug,8,Aug 2022,202208,3,Q3 2022,20223,2022-08-13 00:00:00,33,W33 2022,202233,2022
2022-08-09 00:00:00,20220809,Tue,3,221,9,Aug,8,Aug 2022,202208,3,Q3 2022,20223,2022-08-13 00:00:00,33,W33 2022,202233,2022
2022-08-10 00:00:00,20220810,Wed,4,222,10,Aug,8,Aug 2022,202208,3,Q3 2022,20223,2022-08-13 00:00:00,33,W33 2022,202233,2022
2022-08-11 00:00:00,20220811,Thu,5,223,11,Aug,8,Aug 2022,202208,3,Q3 2022,20223,2022-08-13 00:00:00,33,W33 2022,202233,2022
2022-08-12 00:00:00,20220812,Fri,6,224,12,Aug,8,Aug 2022,202208,3,Q3 2022,20223,2022-08-13 00:00:00,33,W33 2022,202233,2022
2022-08-13 00:00:00,20220813,Sat,7,225,13,Aug,8,Aug 2022,202208,3,Q3 2022,20223,2022-08-13 00:00:00,33,W33 2022,202233,2022
2022-08-14 00:00:00,20220814,Sun,1,226,14,Aug,8,Aug 2022,202208,3,Q3 2022,20223,2022-08-20 00:00:00,34,W34 2022,202234,2022
2022-08-15 00:00:00,20220815,Mon,2,227,15,Aug,8,Aug 2022,202208,3,Q3 2022,20223,2022-08-20 00:00:00,34,W34 2022,202234,2022
2022-08-16 00:00:00,20220816,Tue,3,228,16,Aug,8,Aug 2022,202208,3,Q3 2022,20223,2022-08-20 00:00:00,34,W34 2022,202234,2022
2022-08-17 00:00:00,20220817,Wed,4,229,17,Aug,8,Aug 2022,202208,3,Q3 2022,20223,2022-08-20 00:00:00,34,W34 2022,202234,2022
2022-08-18 00:00:00,20220818,Thu,5,230,18,Aug,8,Aug 2022,202208,3,Q3 2022,20223,2022-08-20 00:00:00,34,W34 2022,202234,2022
2022-08-19 00:00:00,20220819,Fri,6,231,19,Aug,8,Aug 2022,202208,3,Q3 2022,20223,2022-08-20 00:00:00,34,W34 2022,202234,2022
2022-08-20 00:00:00,20220820,Sat,7,232,20,Aug,8,Aug 2022,202208,3,Q3 2022,20223,2022-08-20 00:00:00,34,W34 2022,202234,2022
2022-08-21 00:00:00,20220821,Sun,1,233,21,Aug,8,Aug 2022,202208,3,Q3 2022,20223,2022-08-27 00:00:00,35,W35 2022,202235,2022
2022-08-22 00:00:00,20220822,Mon,2,234,22,Aug,8,Aug 2022,202208,3,Q3 2022,20223,2022-08-27 00:00:00,35,W35 2022,202235,2022
2022-08-23 00:00:00,20220823,Tue,3,235,23,Aug,8,Aug 2022,202208,3,Q3 2022,20223,2022-08-27 00:00:00,35,W35 2022,202235,2022
2022-08-24 00:00:00,20220824,Wed,4,236,24,Aug,8,Aug 2022,202208,3,Q3 2022,20223,2022-08-27 00:00:00,35,W35 2022,202235,2022
2022-08-25 00:00:00,20220825,Thu,5,237,25,Aug,8,Aug 2022,202208,3,Q3 2022,20223,2022-08-27 00:00:00,35,W35 2022,202235,2022
2022-08-26 00:00:00,20220826,Fri,6,238,26,Aug,8,Aug 2022,202208,3,Q3 2022,20223,2022-08-27 00:00:00,35,W35 2022,202235,2022
2022-08-27 00:00:00,20220827,Sat,7,239,27,Aug,8,Aug 2022,202208,3,Q3 2022,20223,2022-08-27 00:00:00,35,W35 2022,202235,2022
2022-08-28 00:00:00,20220828,Sun,1,240,28,Aug,8,Aug 2022,202208,3,Q3 2022,20223,2022-09-03 00:00:00,36,W36 2022,202236,2022
2022-08-29 00:00:00,20220829,Mon,2,241,29,Aug,8,Aug 2022,202208,3,Q3 2022,20223,2022-09-03 00:00:00,36,W36 2022,202236,2022
2022-08-30 00:00:00,20220830,Tue,3,242,30,Aug,8,Aug 2022,202208,3,Q3 2022,20223,2022-09-03 00:00:00,36,W36 2022,202236,2022
2022-08-31 00:00:00,20220831,Wed,4,243,31,Aug,8,Aug 2022,202208,3,Q3 2022,20223,2022-09-03 00:00:00,36,W36 2022,202236,2022
2022-09-01 00:00:00,20220901,Thu,5,244,1,Sep,9,Sep 2022,202209,3,Q3 2022,20223,2022-09-03 00:00:00,36,W36 2022,202236,2022
2022-09-02 00:00:00,20220902,Fri,6,245,2,Sep,9,Sep 2022,202209,3,Q3 2022,20223,2022-09-03 00:00:00,36,W36 2022,202236,2022
2022-09-03 00:00:00,20220903,Sat,7,246,3,Sep,9,Sep 2022,202209,3,Q3 2022,20223,2022-09-03 00:00:00,36,W36 2022,202236,2022
2022-09-04 00:00:00,20220904,Sun,1,247,4,Sep,9,Sep 2022,202209,3,Q3 2022,20223,2022-09-10 00:00:00,37,W37 2022,202237,2022
2022-09-05 00:00:00,20220905,Mon,2,248,5,Sep,9,Sep 2022,202209,3,Q3 2022,20223,2022-09-10 00:00:00,37,W37 2022,202237,2022
2022-09-06 00:00:00,20220906,Tue,3,249,6,Sep,9,Sep 2022,202209,3,Q3 2022,20223,2022-09-10 00:00:00,37,W37 2022,202237,2022
2022-09-07 00:00:00,20220907,Wed,4,250,7,Sep,9,Sep 2022,202209,3,Q3 2022,20223,2022-09-10 00:00:00,37,W37 2022,202237,2022
2022-09-08 00:00:00,20220908,Thu,5,251,8,Sep,9,Sep 2022,202209,3,Q3 2022,20223,2022-09-10 00:00:00,37,W37 2022,202237,2022
2022-09-09 00:00:00,20220909,Fri,6,252,9,Sep,9,Sep 2022,202209,3,Q3 2022,20223,2022-09-10 00:00:00,37,W37 2022,202237,2022
2022-09-10 00:00:00,20220910,Sat,7,253,10,Sep,9,Sep 2022,202209,3,Q3 2022,20223,2022-09-10 00:00:00,37,W37 2022,202237,2022
2022-09-11 00:00:00,20220911,Sun,1,254,11,Sep,9,Sep 2022,202209,3,Q3 2022,20223,2022-09-17 00:00:00,38,W38 2022,202238,2022
2022-09-12 00:00:00,20220912,Mon,2,255,12,Sep,9,Sep 2022,202209,3,Q3 2022,20223,2022-09-17 00:00:00,38,W38 2022,202238,2022
2022-09-13 00:00:00,20220913,Tue,3,256,13,Sep,9,Sep 2022,202209,3,Q3 2022,20223,2022-09-17 00:00:00,38,W38 2022,202238,2022
2022-09-14 00:00:00,20220914,Wed,4,257,14,Sep,9,Sep 2022,202209,3,Q3 2022,20223,2022-09-17 00:00:00,38,W38 2022,202238,2022
2022-09-15 00:00:00,20220915,Thu,5,258,15,Sep,9,Sep 2022,202209,3,Q3 2022,20223,2022-09-17 00:00:00,38,W38 2022,202238,2022
2022-09-16 00:00:00,20220916,Fri,6,259,16,Sep,9,Sep 2022,202209,3,Q3 2022,20223,2022-09-17 00:00:00,38,W38 2022,202238,2022
2022-09-17 00:00:00,20220917,Sat,7,260,17,Sep,9,Sep 2022,202209,3,Q3 2022,20223,2022-09-17 00:00:00,38,W38 2022,202238,2022
2022-09-18 00:00:00,20220918,Sun,1,261,18,Sep,9,Sep 2022,202209,3,Q3 2022,20223,2022-09-24 00:00:00,39,W39 2022,202239,2022
2022-09-19 00:00:00,20220919,Mon,2,262,19,Sep,9,Sep 2022,202209,3,Q3 2022,20223,2022-09-24 00:00:00,39,W39 2022,202239,2022
2022-09-20 00:00:00,20220920,Tue,3,263,20,Sep,9,Sep 2022,202209,3,Q3 2022,20223,2022-09-24 00:00:00,39,W39 2022,202239,2022
2022-09-21 00:00:00,20220921,Wed,4,264,21,Sep,9,Sep 2022,202209,3,Q3 2022,20223,2022-09-24 00:00:00,39,W39 2022,202239,2022
2022-09-22 00:00:00,20220922,Thu,5,265,22,Sep,9,Sep 2022,202209,3,Q3 2022,20223,2022-09-24 00:00:00,39,W39 2022,202239,2022
2022-09-23 00:00:00,20220923,Fri,6,266,23,Sep,9,Sep 2022,202209,3,Q3 2022,20223,2022-09-24 00:00:00,39,W39 2022,202239,2022
2022-09-24 00:00:00,20220924,Sat,7,267,24,Sep,9,Sep 2022,202209,3,Q3 2022,20223,2022-09-24 00:00:00,39,W39 2022,202239,2022
2022-09-25 00:00:00,20220925,Sun,1,268,25,Sep,9,Sep 2022,202209,3,Q3 2022,20223,2022-10-01 00:00:00,40,W40 2022,202240,2022
2022-09-26 00:00:00,20220926,Mon,2,269,26,Sep,9,Sep 2022,202209,3,Q3 2022,20223,2022-10-01 00:00:00,40,W40 2022,202240,2022
2022-09-27 00:00:00,20220927,Tue,3,270,27,Sep,9,Sep 2022,202209,3,Q3 2022,20223,2022-10-01 00:00:00,40,W40 2022,202240,2022
2022-09-28 00:00:00,20220928,Wed,4,271,28,Sep,9,Sep 2022,202209,3,Q3 2022,20223,2022-10-01 00:00:00,40,W40 2022,202240,2022
2022-09-29 00:00:00,20220929,Thu,5,272,29,Sep,9,Sep 2022,202209,3,Q3 2022,20223,2022-10-01 00:00:00,40,W40 2022,202240,2022
2022-09-30 00:00:00,20220930,Fri,6,273,30,Sep,9,Sep 2022,202209,3,Q3 2022,20223,2022-10-01 00:00:00,40,W40 2022,202240,2022
2022-10-01 00:00:00,20221001,Sat,7,274,1,Oct,10,Oct 2022,202210,4,Q4 2022,20224,2022-10-01 00:00:00,40,W40 2022,202240,2022
2022-10-02 00:00:00,20221002,Sun,1,275,2,Oct,10,Oct 2022,202210,4,Q4 2022,20224,2022-10-08 00:00:00,41,W41 2022,202241,2022
2022-10-03 00:00:00,20221003,Mon,2,276,3,Oct,10,Oct 2022,202210,4,Q4 2022,20224,2022-10-08 00:00:00,41,W41 2022,202241,2022
2022-10-04 00:00:00,20221004,Tue,3,277,4,Oct,10,Oct 2022,202210,4,Q4 2022,20224,2022-10-08 00:00:00,41,W41 2022,202241,2022
2022-10-05 00:00:00,20221005,Wed,4,278,5,Oct,10,Oct 2022,202210,4,Q4 2022,20224,2022-10-08 00:00:00,41,W41 2022,202241,2022
2022-10-06 00:00:00,20221006,Thu,5,279,6,Oct,10,Oct 2022,202210,4,Q4 2022,20224,2022-10-08 00:00:00,41,W41 2022,202241,2022
2022-10-07 00:00:00,20221007,Fri,6,280,7,Oct,10,Oct 2022,202210,4,Q4 2022,20224,2022-10-08 00:00:00,41,W41 2022,202241,2022
2022-10-08 00:00:00,20221008,Sat,7,281,8,Oct,10,Oct 2022,202210,4,Q4 2022,20224,2022-10-08 00:00:00,41,W41 2022,202241,2022
2022-10-09 00:00:00,20221009,Sun,1,282,9,Oct,10,Oct 2022,202210,4,Q4 2022,20224,2022-10-15 00:00:00,42,W42 2022,202242,2022
2022-10-10 00:00:00,20221010,Mon,2,283,10,Oct,10,Oct 2022,202210,4,Q4 2022,20224,2022-10-15 00:00:00,42,W42 2022,202242,2022
2022-10-11 00:00:00,20221011,Tue,3,284,11,Oct,10,Oct 2022,202210,4,Q4 2022,20224,2022-10-15 00:00:00,42,W42 2022,202242,2022
2022-10-12 00:00:00,20221012,Wed,4,285,12,Oct,10,Oct 2022,202210,4,Q4 2022,20224,2022-10-15 00:00:00,42,W42 2022,202242,2022
2022-10-13 00:00:00,20221013,Thu,5,286,13,Oct,10,Oct 2022,202210,4,Q4 2022,20224,2022-10-15 00:00:00,42,W42 2022,202242,2022
2022-10-14 00:00:00,20221014,Fri,6,287,14,Oct,10,Oct 2022,202210,4,Q4 2022,20224,2022-10-15 00:00:00,42,W42 2022,202242,2022
2022-10-15 00:00:00,20221015,Sat,7,288,15,Oct,10,Oct 2022,202210,4,Q4 2022,20224,2022-10-15 00:00:00,42,W42 2022,202242,2022
2022-10-16 00:00:00,20221016,Sun,1,289,16,Oct,10,Oct 2022,202210,4,Q4 2022,20224,2022-10-22 00:00:00,43,W43 2022,202243,2022
2022-10-17 00:00:00,20221017,Mon,2,290,17,Oct,10,Oct 2022,202210,4,Q4 2022,20224,2022-10-22 00:00:00,43,W43 2022,202243,2022
2022-10-18 00:00:00,20221018,Tue,3,291,18,Oct,10,Oct 2022,202210,4,Q4 2022,20224,2022-10-22 00:00:00,43,W43 2022,202243,2022
2022-10-19 00:00:00,20221019,Wed,4,292,19,Oct,10,Oct 2022,202210,4,Q4 2022,20224,2022-10-22 00:00:00,43,W43 2022,202243,2022
2022-10-20 00:00:00,20221020,Thu,5,293,20,Oct,10,Oct 2022,202210,4,Q4 2022,20224,2022-10-22 00:00:00,43,W43 2022,202243,2022
2022-10-21 00:00:00,20221021,Fri,6,294,21,Oct,10,Oct 2022,202210,4,Q4 2022,20224,2022-10-22 00:00:00,43,W43 2022,202243,2022
2022-10-22 00:00:00,20221022,Sat,7,295,22,Oct,10,Oct 2022,202210,4,Q4 2022,20224,2022-10-22 00:00:00,43,W43 2022,202243,2022
2022-10-23 00:00:00,20221023,Sun,1,296,23,Oct,10,Oct 2022,202210,4,Q4 2022,20224,2022-10-29 00:00:00,44,W44 2022,202244,2022
2022-10-24 00:00:00,20221024,Mon,2,297,24,Oct,10,Oct 2022,202210,4,Q4 2022,20224,2022-10-29 00:00:00,44,W44 2022,202244,2022
2022-10-25 00:00:00,20221025,Tue,3,298,25,Oct,10,Oct 2022,202210,4,Q4 2022,20224,2022-10-29 00:00:00,44,W44 2022,202244,2022
2022-10-26 00:00:00,20221026,Wed,4,299,26,Oct,10,Oct 2022,202210,4,Q4 2022,20224,2022-10-29 00:00:00,44,W44 2022,202244,2022
2022-10-27 00:00:00,20221027,Thu,5,300,27,Oct,10,Oct 2022,202210,4,Q4 2022,20224,2022-10-29 00:00:00,44,W44 2022,202244,2022
2022-10-28 00:00:00,20221028,Fri,6,301,28,Oct,10,Oct 2022,202210,4,Q4 2022,20224,2022-10-29 00:00:00,44,W44 2022,202244,2022
2022-10-29 00:00:00,20221029,Sat,7,302,29,Oct,10,Oct 2022,202210,4,Q4 2022,20224,2022-10-29 00:00:00,44,W44 2022,202244,2022
2022-10-30 00:00:00,20221030,Sun,1,303,30,Oct,10,Oct 2022,202210,4,Q4 2022,20224,2022-11-05 00:00:00,45,W45 2022,202245,2022
2022-10-31 00:00:00,20221031,Mon,2,304,31,Oct,10,Oct 2022,202210,4,Q4 2022,20224,2022-11-05 00:00:00,45,W45 2022,202245,2022
2022-11-01 00:00:00,20221101,Tue,3,305,1,Nov,11,Nov 2022,202211,4,Q4 2022,20224,2022-11-05 00:00:00,45,W45 2022,202245,2022
2022-11-02 00:00:00,20221102,Wed,4,306,2,Nov,11,Nov 2022,202211,4,Q4 2022,20224,2022-11-05 00:00:00,45,W45 2022,202245,2022
2022-11-03 00:00:00,20221103,Thu,5,307,3,Nov,11,Nov 2022,202211,4,Q4 2022,20224,2022-11-05 00:00:00,45,W45 2022,202245,2022
2022-11-04 00:00:00,20221104,Fri,6,308,4,Nov,11,Nov 2022,202211,4,Q4 2022,20224,2022-11-05 00:00:00,45,W45 2022,202245,2022
2022-11-05 00:00:00,20221105,Sat,7,309,5,Nov,11,Nov 2022,202211,4,Q4 2022,20224,2022-11-05 00:00:00,45,W45 2022,202245,2022
2022-11-06 00:00:00,20221106,Sun,1,310,6,Nov,11,Nov 2022,202211,4,Q4 2022,20224,2022-11-12 00:00:00,46,W46 2022,202246,2022
2022-11-07 00:00:00,20221107,Mon,2,311,7,Nov,11,Nov 2022,202211,4,Q4 2022,20224,2022-11-12 00:00:00,46,W46 2022,202246,2022
2022-11-08 00:00:00,20221108,Tue,3,312,8,Nov,11,Nov 2022,202211,4,Q4 2022,20224,2022-11-12 00:00:00,46,W46 2022,202246,2022
2022-11-09 00:00:00,20221109,Wed,4,313,9,Nov,11,Nov 2022,202211,4,Q4 2022,20224,2022-11-12 00:00:00,46,W46 2022,202246,2022
2022-11-10 00:00:00,20221110,Thu,5,314,10,Nov,11,Nov 2022,202211,4,Q4 2022,20224,2022-11-12 00:00:00,46,W46 2022,202246,2022
2022-11-11 00:00:00,20221111,Fri,6,315,11,Nov,11,Nov 2022,202211,4,Q4 2022,20224,2022-11-12 00:00:00,46,W46 2022,202246,2022
2022-11-12 00:00:00,20221112,Sat,7,316,12,Nov,11,Nov 2022,202211,4,Q4 2022,20224,2022-11-12 00:00:00,46,W46 2022,202246,2022
2022-11-13 00:00:00,20221113,Sun,1,317,13,Nov,11,Nov 2022,202211,4,Q4 2022,20224,2022-11-19 00:00:00,47,W47 2022,202247,2022
2022-11-14 00:00:00,20221114,Mon,2,318,14,Nov,11,Nov 2022,202211,4,Q4 2022,20224,2022-11-19 00:00:00,47,W47 2022,202247,2022
2022-11-15 00:00:00,20221115,Tue,3,319,15,Nov,11,Nov 2022,202211,4,Q4 2022,20224,2022-11-19 00:00:00,47,W47 2022,202247,2022
2022-11-16 00:00:00,20221116,Wed,4,320,16,Nov,11,Nov 2022,202211,4,Q4 2022,20224,2022-11-19 00:00:00,47,W47 2022,202247,2022
2022-11-17 00:00:00,20221117,Thu,5,321,17,Nov,11,Nov 2022,202211,4,Q4 2022,20224,2022-11-19 00:00:00,47,W47 2022,202247,2022
2022-11-18 00:00:00,20221118,Fri,6,322,18,Nov,11,Nov 2022,202211,4,Q4 2022,20224,2022-11-19 00:00:00,47,W47 2022,202247,2022
2022-11-19 00:00:00,20221119,Sat,7,323,19,Nov,11,Nov 2022,202211,4,Q4 2022,20224,2022-11-19 00:00:00,47,W47 2022,202247,2022
2022-11-20 00:00:00,20221120,Sun,1,324,20,Nov,11,Nov 2022,202211,4,Q4 2022,20224,2022-11-26 00:00:00,48,W48 2022,202248,2022
2022-11-21 00:00:00,20221121,Mon,2,325,21,Nov,11,Nov 2022,202211,4,Q4 2022,20224,2022-11-26 00:00:00,48,W48 2022,202248,2022
2022-11-22 00:00:00,20221122,Tue,3,326,22,Nov,11,Nov 2022,202211,4,Q4 2022,20224,2022-11-26 00:00:00,48,W48 2022,202248,2022
2022-11-23 00:00:00,20221123,Wed,4,327,23,Nov,11,Nov 2022,202211,4,Q4 2022,20224,2022-11-26 00:00:00,48,W48 2022,202248,2022
2022-11-24 00:00:00,20221124,Thu,5,328,24,Nov,11,Nov 2022,202211,4,Q4 2022,20224,2022-11-26 00:00:00,48,W48 2022,202248,2022
2022-11-25 00:00:00,20221125,Fri,6,329,25,Nov,11,Nov 2022,202211,4,Q4 2022,20224,2022-11-26 00:00:00,48,W48 2022,202248,2022
2022-11-26 00:00:00,20221126,Sat,7,330,26,Nov,11,Nov 2022,202211,4,Q4 2022,20224,2022-11-26 00:00:00,48,W48 2022,202248,2022
2022-11-27 00:00:00,20221127,Sun,1,331,27,Nov,11,Nov 2022,202211,4,Q4 2022,20224,2022-12-03 00:00:00,49,W49 2022,202249,2022
2022-11-28 00:00:00,20221128,Mon,2,332,28,Nov,11,Nov 2022,202211,4,Q4 2022,20224,2022-12-03 00:00:00,49,W49 2022,202249,2022
2022-11-29 00:00:00,20221129,Tue,3,333,29,Nov,11,Nov 2022,202211,4,Q4 2022,20224,2022-12-03 00:00:00,49,W49 2022,202249,2022
2022-11-30 00:00:00,20221130,Wed,4,334,30,Nov,11,Nov 2022,202211,4,Q4 2022,20224,2022-12-03 00:00:00,49,W49 2022,202249,2022
2022-12-01 00:00:00,20221201,Thu,5,335,1,Dec,12,Dec 2022,202212,4,Q4 2022,20224,2022-12-03 00:00:00,49,W49 2022,202249,2022
2022-12-02 00:00:00,20221202,Fri,6,336,2,Dec,12,Dec 2022,202212,4,Q4 2022,20224,2022-12-03 00:00:00,49,W49 2022,202249,2022
2022-12-03 00:00:00,20221203,Sat,7,337,3,Dec,12,Dec 2022,202212,4,Q4 2022,20224,2022-12-03 00:00:00,49,W49 2022,202249,2022
2022-12-04 00:00:00,20221204,Sun,1,338,4,Dec,12,Dec 2022,202212,4,Q4 2022,20224,2022-12-10 00:00:00,50,W50 2022,202250,2022
2022-12-05 00:00:00,20221205,Mon,2,339,5,Dec,12,Dec 2022,202212,4,Q4 2022,20224,2022-12-10 00:00:00,50,W50 2022,202250,2022
2022-12-06 00:00:00,20221206,Tue,3,340,6,Dec,12,Dec 2022,202212,4,Q4 2022,20224,2022-12-10 00:00:00,50,W50 2022,202250,2022
2022-12-07 00:00:00,20221207,Wed,4,341,7,Dec,12,Dec 2022,202212,4,Q4 2022,20224,2022-12-10 00:00:00,50,W50 2022,202250,2022
2022-12-08 00:00:00,20221208,Thu,5,342,8,Dec,12,Dec 2022,202212,4,Q4 2022,20224,2022-12-10 00:00:00,50,W50 2022,202250,2022
2022-12-09 00:00:00,20221209,Fri,6,343,9,Dec,12,Dec 2022,202212,4,Q4 2022,20224,2022-12-10 00:00:00,50,W50 2022,202250,2022
2022-12-10 00:00:00,20221210,Sat,7,344,10,Dec,12,Dec 2022,202212,4,Q4 2022,20224,2022-12-10 00:00:00,50,W50 2022,202250,2022
2022-12-11 00:00:00,20221211,Sun,1,345,11,Dec,12,Dec 2022,202212,4,Q4 2022,20224,2022-12-17 00:00:00,51,W51 2022,202251,2022
2022-12-12 00:00:00,20221212,Mon,2,346,12,Dec,12,Dec 2022,202212,4,Q4 2022,20224,2022-12-17 00:00:00,51,W51 2022,202251,2022
2022-12-13 00:00:00,20221213,Tue,3,347,13,Dec,12,Dec 2022,202212,4,Q4 2022,20224,2022-12-17 00:00:00,51,W51 2022,202251,2022
2022-12-14 00:00:00,20221214,Wed,4,348,14,Dec,12,Dec 2022,202212,4,Q4 2022,20224,2022-12-17 00:00:00,51,W51 2022,202251,2022
2022-12-15 00:00:00,20221215,Thu,5,349,15,Dec,12,Dec 2022,202212,4,Q4 2022,20224,2022-12-17 00:00:00,51,W51 2022,202251,2022
2022-12-16 00:00:00,20221216,Fri,6,350,16,Dec,12,Dec 2022,202212,4,Q4 2022,20224,2022-12-17 00:00:00,51,W51 2022,202251,2022
2022-12-17 00:00:00,20221217,Sat,7,351,17,Dec,12,Dec 2022,202212,4,Q4 2022,20224,2022-12-17 00:00:00,51,W51 2022,202251,2022
2022-12-18 00:00:00,20221218,Sun,1,352,18,Dec,12,Dec 2022,202212,4,Q4 2022,20224,2022-12-24 00:00:00,52,W52 2022,202252,2022
2022-12-19 00:00:00,20221219,Mon,2,353,19,Dec,12,Dec 2022,202212,4,Q4 2022,20224,2022-12-24 00:00:00,52,W52 2022,202252,2022
2022-12-20 00:00:00,20221220,Tue,3,354,20,Dec,12,Dec 2022,202212,4,Q4 2022,20224,2022-12-24 00:00:00,52,W52 2022,202252,2022
2022-12-21 00:00:00,20221221,Wed,4,355,21,Dec,12,Dec 2022,202212,4,Q4 2022,20224,2022-12-24 00:00:00,52,W52 2022,202252,2022
2022-12-22 00:00:00,20221222,Thu,5,356,22,Dec,12,Dec 2022,202212,4,Q4 2022,20224,2022-12-24 00:00:00,52,W52 2022,202252,2022
2022-12-23 00:00:00,20221223,Fri,6,357,23,Dec,12,Dec 2022,202212,4,Q4 2022,20224,2022-12-24 00:00:00,52,W52 2022,202252,2022
2022-12-24 00:00:00,20221224,Sat,7,358,24,Dec,12,Dec 2022,202212,4,Q4 2022,20224,2022-12-24 00:00:00,52,W52 2022,202252,2022
2022-12-25 00:00:00,20221225,Sun,1,359,25,Dec,12,Dec 2022,202212,4,Q4 2022,20224,2022-12-31 00:00:00,53,W53 2022,202253,2022
2022-12-26 00:00:00,20221226,Mon,2,360,26,Dec,12,Dec 2022,202212,4,Q4 2022,20224,2022-12-31 00:00:00,53,W53 2022,202253,2022
2022-12-27 00:00:00,20221227,Tue,3,361,27,Dec,12,Dec 2022,202212,4,Q4 2022,20224,2022-12-31 00:00:00,53,W53 2022,202253,2022
2022-12-28 00:00:00,20221228,Wed,4,362,28,Dec,12,Dec 2022,202212,4,Q4 2022,20224,2022-12-31 00:00:00,53,W53 2022,202253,2022
2022-12-29 00:00:00,20221229,Thu,5,363,29,Dec,12,Dec 2022,202212,4,Q4 2022,20224,2022-12-31 00:00:00,53,W53 2022,202253,2022
2022-12-30 00:00:00,20221230,Fri,6,364,30,Dec,12,Dec 2022,202212,4,Q4 2022,20224,2022-12-31 00:00:00,53,W53 2022,202253,2022
2022-12-31 00:00:00,20221231,Sat,7,365,31,Dec,12,Dec 2022,202212,4,Q4 2022,20224,2022-12-31 00:00:00,53,W53 2022,202253,2022
